date,stock_id,open,close,high,low,volume,amount,amplitude,pct_change,change_amount,turnover,momentum_1m,momentum_3m,momentum_6m,volume_ma20,volume_momentum,historical_volatility,volatility_regime,volatility_z_score,atr,atr_ratio,hurst_exponent,skewness,kurtosis,ma5,ma10,ma20,ma60,macd,singal_line,macd_hist,rsi,bb_middle,bb_upper,bb_lower,volume_ma5,volume_ratio,price_momentum,price_acceleration,daily_return,volatility_5d,volatility_20d
2024-11-07,600519,1510.98,1597.66,1602.02,1510.82,74739,12074951757.0,6.0,5.14,78.14,0.59,,,,,,,0,,,,,,,,,,,0,0,0,,,,,,,,,,,
2024-11-08,600519,1609.41,1558.49,1615.63,1549.53,60771,9885645907.0,4.14,-2.45,-39.17,0.48,,,,,,,0,,,,,,,,,,,-3.12467236,-0.62493447,-2.49973789,,,,,,,,,-0.02451711,,
2024-11-11,600519,1538.52,1546.53,1558.47,1515.71,43854,6957095385.0,2.74,-0.77,-11.96,0.35,,,,,,,0,,,,,,,,,,,-6.49124277,-1.79819613,-4.69304663,,,,,,,,,-0.00767409,,
2024-11-12,600519,1537.52,1525.72,1571.52,1522.47,49223,7844798676.0,3.17,-1.35,-20.81,0.39,,,,,,,0,,,,,,,,,,,-10.71495185,-3.58154728,-7.13340458,,,,,,,,,-0.01345593,,
2024-11-13,600519,1516.52,1527.02,1535.18,1509.8,29125,4594445032.0,1.66,0.09,1.3,0.23,,,,,,,0,,,,,,,1551.084,,,,-13.79831422,-5.62490066,-8.17341356,,,,,51542.4,0.56506876,,,0.00085206,,
2024-11-14,600519,1518.52,1522.32,1542.97,1514.17,29248,4617144097.0,1.89,-0.31,-4.7,0.23,,,,,,,0,,,,,,,1536.016,,,,-16.431737,-7.78626793,-8.64546907,,,,,42444.2,0.68909297,-0.04715647,,-0.00307789,0.15732541,
2024-11-15,600519,1517.52,1507.52,1532.32,1501.52,33761,5295326892.0,2.02,-0.97,-14.8,0.27,,,,,,,0,,,,,,,1525.822,,,,-19.48833049,-10.12668044,-9.36165005,,,,,37042.2,0.91141995,-0.03270473,0.01445173,-0.009722,0.08903942,
2024-11-18,600519,1510.52,1507.52,1524.51,1503.52,27092,4237197499.0,1.39,0.0,0.0,0.22,,,,,,,0,,,,,,,1518.02,,,,-21.66100823,-12.433546,-9.22746223,,,,,33689.8,0.80416031,-0.02522421,0.00748052,0,0.09936115,
2024-11-19,600519,1513.52,1490.44,1517.89,1473.52,33266,5138831155.0,2.94,-1.13,-17.08,0.26,,,,,,,0,,,,,,,1510.964,,,,-24.47890666,-14.84261813,-9.63628852,,,,,30498.4,1.09074574,-0.02312351,0.0021007,-0.01132987,0.08863903,
2024-11-20,600519,1491.52,1493.33,1502.49,1479.82,21345,3292675257.0,1.52,0.19,2.89,0.17,,,,,,,0,,,,,,,1504.226,1527.655,,,-26.17715862,-17.10952623,-9.06763239,,,,,28942.4,0.73749931,-0.02206258,0.00106093,0.00193902,0.09311678,
2024-11-21,600519,1492.39,1493.65,1497.51,1480.52,18262,2810933515.0,1.14,0.02,0.32,0.15,,,,,,,0,,,,,,,1498.492,1517.254,,,-27.18385565,-19.12439211,-8.05946353,,,,,26745.2,0.68281411,-0.0188331,0.00322948,0.00021429,0.09890017,
2024-11-22,600519,1489.67,1456.34,1496.29,1456.34,33436,5107288992.0,2.67,-2.5,-37.31,0.27,,,,,,,0,,,,,,,1488.256,1507.039,,,-30.63908716,-21.42733112,-9.21175603,,,,,26680.2,1.25321399,-0.0339498,-0.0151167,-0.02497908,0.18148466,
2024-11-25,600519,1459.52,1447.09,1480.52,1445.19,33186,5011136234.0,2.43,-0.64,-9.25,0.26,,,,,,,0,,,,,,,1476.17,1497.095,,,-33.73490572,-23.88884604,-9.84605968,,,,,27899,1.189505,-0.0400857,-0.00613591,-0.00635154,0.17176441,
2024-11-26,600519,1447.09,1457.52,1467.4,1437.4,25745,3876885984.0,2.07,0.72,10.43,0.2,,,,,,,0,,38.88642857,0.02667986,,,,1469.586,1490.275,,,-34.94393843,-26.09986452,-8.84407391,,,,,26394.8,0.97538151,-0.02208744,0.01799827,0.00720757,0.19819584,
2024-11-27,600519,1457.52,1467.57,1470.67,1453.52,25934,3927607772.0,1.18,0.69,10.05,0.21,,,,,,,0,,33.59714286,0.02289304,,,,1464.434,1484.33,,,-34.69125536,-27.81814269,-6.87311268,,,,,27312.6,0.94952513,-0.01725004,0.0048374,0.00689527,0.21088977,
2024-11-28,600519,1470.52,1466.52,1473.51,1450.52,23952,3627662382.0,1.57,-0.07,-1.05,0.19,,,,,,,0,,30.51785714,0.02080971,,,,1459.008,1478.75,,,-34.18170304,-29.09085476,-5.09084828,,,,,28450.6,0.84188031,-0.01816356,-0.00091352,-0.00071547,0.20998652,
2024-11-29,600519,1465.52,1474.26,1503.52,1461.73,36088,5534035503.0,2.85,0.53,7.74,0.29,,,,,,,0,,30.44714286,0.02065249,,,,1462.592,1475.424,,,-32.77551016,-29.82778584,-2.94772432,,,,,28981,1.24522963,0.01230482,0.03046838,0.0052778,0.09320034,
2024-12-02,600519,1474.52,1473.52,1478.51,1463.62,26820,4086609952.0,1.01,-0.05,-0.74,0.21,,,,,,,0,,28.00714286,0.01900696,,,,1467.878,1472.024,,,-31.35931334,-30.13409134,-1.225222,,,,,27707.8,0.96795848,0.01826424,0.00595942,-0.00050195,0.06256465,
2024-12-03,600519,1472.52,1475.26,1477.42,1464.6,24807,3777197199.0,0.87,0.12,1.74,0.2,,,,,,,0,,27.11,0.01837642,,,,1471.426,1470.506,,,-29.75358292,-30.05798966,0.30440674,,,,,27520.2,0.9014106,0.01217136,-0.00609288,0.00118085,0.05504775,
2024-12-04,600519,1468.59,1468.52,1472.18,1458.52,23924,3626565544.0,0.93,-0.46,-6.74,0.19,,,,33728.9,0.7093027,,0,,26.24857143,0.01787417,,,,1471.616,1468.025,1497.84,,-28.69412367,-29.78521646,1.09109279,,1497.84,1575.78599615,1419.89400385,27118.2,0.88221195,0.00064733,-0.01152403,-0.00456869,0.05656977,
2024-12-05,600519,1459.38,1459.52,1466.38,1458.52,16141,2441318387.0,0.54,-0.61,-9.0,0.13,-0.08646395,,,30799,0.52407546,0.14245472,0,,24.76285714,0.01696644,,-1.05334528,0.88387657,1470.216,1464.612,1490.933,,-28.25501316,-29.4791758,1.22416264,,1490.933,1554.85606893,1427.00993107,25556,0.63159336,-0.0047732,-0.00542053,-0.00612862,0.07250312,0.14245472
2024-12-06,600519,1461.52,1469.53,1487.42,1456.59,32040,4883148600.0,2.11,0.69,10.01,0.26,-0.05708089,,,29362.45,1.0911896,0.12654897,0,,25.46571429,0.01732916,,-1.06986022,1.68977076,1469.27,1465.931,1486.485,,-26.79046773,-28.94143418,2.15096645,,1486.485,1542.50698835,1430.46301165,24746.4,1.29473378,-0.00320839,0.00156482,0.00685842,0.08137912,0.12654897
2024-12-09,600519,1470.54,1467.32,1478.24,1461.72,19800,3008173586.0,1.12,-0.15,-2.21,0.16,-0.05121789,,,28159.75,0.70313124,0.12535392,0,,23.47642857,0.01599953,,-1.21783422,2.1050179,1468.03,1467.954,1482.5245,,-25.51402368,-28.25595208,2.7419284,,1482.5245,1531.41941222,1433.62958778,23342.4,0.84824183,-0.00420761,-0.00099922,-0.00150388,0.08158884,0.12535392
2024-12-10,600519,1518.52,1495.11,1528.25,1493.7,60312,9421340719.0,2.35,1.89,27.79,0.48,-0.02006266,,,28714.2,2.10042418,0.14001434,0,,26.20928571,0.01753,,-0.53300836,2.69244646,1472,1471.713,1480.994,,-22.00633648,-27.00602896,4.99969248,,1480.994,1525.95381616,1436.03418384,30443.4,1.98111906,0.01345526,0.01766287,0.01893929,0.16448627,0.14001434
2024-12-11,600519,1488.52,1484.12,1503.52,1479.5,29671,4569662604.0,1.61,-0.74,-10.99,0.24,-0.02809393,,,28741.5,1.03234,0.14161248,0,,26.71142857,0.01799816,,-0.38364538,2.33001295,1475.12,1473.368,1478.849,,-19.88405919,-25.58163501,5.69757582,,1478.849,1518.32167617,1439.37632383,31592.8,0.93916968,0.01062294,-0.00283232,-0.00735063,0.17320627,0.14161248
2024-12-12,600519,1480.54,1514.32,1514.52,1477.52,41937,6510547810.0,2.49,2.03,30.2,0.33,-0.00525514,,,29375.95,1.42759638,0.16098946,0,,26.50071429,0.01750008,,-0.07198987,1.42968918,1486.08,1478.148,1478.449,,-15.58559056,-23.58242612,7.99683556,,1478.449,1516.19106582,1440.70693418,36752,1.14108076,0.03754659,0.02692365,0.02034876,0.19409175,0.16098946
2024-12-13,600519,1498.53,1467.52,1503.51,1467.4,49512,7580908315.0,2.38,-3.09,-46.8,0.39,-0.02653364,,,30163.5,1.64145408,0.19212953,0,,27.32857143,0.01862228,,-0.67504168,1.51454615,1485.678,1477.474,1476.449,,-15.77356425,-22.02065374,6.2470895,,1476.449,1511.8728153,1441.0251847,40246.4,1.23022183,-0.00136778,-0.03891437,-0.03090496,0.33526178,0.19212953
2024-12-16,600519,1469.52,1475.72,1477.52,1459.23,32537,4945298799.0,1.25,0.56,8.2,0.26,-0.02109425,,,30435.75,1.06903888,0.19363867,0,,26.49214286,0.01795201,,-0.72540038,1.44382776,1487.358,1477.694,1474.859,,-15.0869503,-20.63391306,5.54696275,,1474.859,1507.12462185,1442.59337815,42793.8,0.76032042,0.00572472,0.00709251,0.00558766,0.33715805,0.19363867
2024-12-17,600519,1474.51,1506.52,1517.52,1469.53,54172,8398945449.0,3.25,2.09,30.8,0.43,0.01078876,,,31481.05,1.72078123,0.20428551,0,,28.695,0.01904721,,-0.71996955,1.37129443,1489.64,1480.82,1475.663,,-11.92009379,-18.8911492,6.97105541,,1475.663,1510.27911192,1441.04688808,41565.8,1.30328299,0.00763155,0.00190682,0.02087117,0.34373172,0.20428551
2024-12-18,600519,1506.49,1520.02,1525.52,1495.62,41162,6440801971.0,1.98,0.9,13.5,0.33,0.01787281,,,32471.9,1.26761908,0.2063985,0,,29.18857143,0.01920275,,-0.77271725,1.28262816,1496.82,1485.97,1476.9975,,-8.22617381,-16.75815412,8.53198032,,1476.9975,1516.23123944,1437.76376056,43864,0.93840051,0.02418942,0.01655787,0.00896105,0.33606338,0.2063985
2024-12-19,600519,1513.66,1499.53,1516.45,1498.85,24809,3862602665.0,1.16,-1.35,-20.49,0.2,0.00393667,,,32799.25,0.75638925,0.21268915,0,,27.71571429,0.01848293,,-0.60895962,0.65934528,1493.862,1489.971,1477.2915,,-6.87286129,-14.78109556,7.90823426,,1477.2915,1517.13405608,1437.44894392,40438.4,0.61350103,-0.00976676,-0.03395618,-0.01348009,0.3241552,0.21268915
2024-12-20,600519,1503.53,1494.4,1514.2,1492.42,28158,4307425535.0,1.45,-0.34,-5.13,0.22,0.02613401,,,32535.35,0.86545865,0.19143341,0,,28.20785714,0.01887571,,-0.59809461,1.66621964,1499.238,1492.458,1479.1945,,-6.14348128,-13.0535727,6.91009142,,1479.1945,1518.45502335,1439.93397665,36167.6,0.77854212,0.01831662,0.02808338,-0.00342107,0.20575038,0.19143341
2024-12-23,600519,1495.4,1498.85,1510.4,1489.4,21603,3300971424.0,1.41,0.3,4.45,0.17,0.03576834,,,31956.2,0.67601905,0.18930135,0,,28.79214286,0.01920949,,-0.73303083,2.02119152,1503.864,1495.611,1481.7825,,-5.14703276,-11.47226471,6.32523195,,1481.7825,1518.89763005,1444.66736995,33980.8,0.63574136,0.01567371,-0.00264291,0.00297778,0.20507804,0.18930135
2024-12-24,600519,1497.4,1511.22,1516.4,1493.99,22105,3394160299.0,1.5,0.83,12.37,0.18,0.03684341,,,31774.2,0.69569021,0.18973138,0,,29.19714286,0.01932025,,-0.73888214,1.9898317,1504.804,1497.222,1484.4675,,-3.32090321,-9.84199241,6.52108921,,1484.4675,1521.95993903,1446.97506097,27567.4,0.80185291,0.00311977,-0.01255393,0.00825299,0.14818032,0.18973138
2024-12-25,600519,1511.2,1502.4,1511.2,1498.5,17123,2621061878.0,0.84,-0.58,-8.82,0.14,0.02373311,,,31333.65,0.5464732,0.19064679,0,,29.39142857,0.01956298,,-0.57119521,1.7217531,1501.28,1499.05,1486.209,,-2.55591962,-8.38477785,5.82885824,,1486.209,1523.63228794,1448.78571206,22759.6,0.75234187,-0.01159195,-0.01471173,-0.00583634,0.13233512,0.19064679
2024-12-26,600519,1506.4,1500.19,1511.18,1495.4,18287,2798840003.0,1.05,-0.15,-2.21,0.15,0.02295911,,,31050.4,0.58894571,0.19076851,0,,28.31642857,0.01887523,,-0.5600446,1.69969565,1501.412,1497.637,1487.8925,,-2.10374251,-7.12857078,5.02482828,,1487.8925,1524.60909592,1451.17590408,21455.2,0.85233417,0.00044014,0.01203209,-0.00147098,0.08869115,0.19076851
2024-12-27,600519,1501.3,1501.37,1508.4,1491.9,20759,3170191445.0,1.1,0.08,1.18,0.17,0.01838889,,,30283.95,0.68547861,0.19016176,0,,28.315,0.01885944,,-0.50522933,1.71622077,1502.806,1501.022,1489.248,,-1.63136736,-6.0291301,4.39776274,,1489.248,1525.84700867,1452.64899133,19975.4,1.03922825,0.00466408,0.00422394,0.00078657,0.08301458,0.19016176
2024-12-30,600519,1506.37,1497.4,1516.36,1497.4,25130,3849542646.0,1.26,-0.26,-3.97,0.2,0.01620609,,,30199.45,0.83213436,0.19053486,0,,25.31714286,0.0169074,,-0.47401834,1.65420324,1502.516,1503.19,1490.442,,-1.55937695,-5.13517947,3.57580252,,1490.442,1526.43362979,1454.45037021,20680.8,1.21513675,-0.00096741,-0.00563149,-0.00264425,0.08391859,0.19053486
2024-12-31,600519,1497.8,1496.4,1517.4,1494.41,39354,6033540366.0,1.54,-0.07,-1.0,0.31,0.01432968,,,30926.8,1.27248859,0.1906082,0,,25.24357143,0.01686953,,-0.44793476,1.62870772,1499.552,1502.178,1491.499,,-1.56497561,-4.4211387,2.85616309,,1491.499,1526.8492695,1456.1487305,24130.6,1.63087532,-0.00980665,-0.00883924,-0.00066782,0.0396438,0.1906082
2025-01-02,600519,1496.4,1460.4,1496.89,1452.4,50029,7490883773.0,2.97,-2.41,-36.0,0.4,-0.00552938,,,32232.05,1.55215073,0.20948161,0,,25.77857143,0.01765172,,-0.47689145,0.68898446,1491.152,1496.216,1491.093,,-4.42332242,-4.42157544,-0.00174698,,1491.093,1527.71802458,1454.46797542,30711.8,1.628983,-0.02795527,-0.01814863,-0.02405774,0.16489392,0.20948161
2025-01-03,600519,1466.9,1447.4,1467.39,1439.41,32628,4836610288.0,1.92,-0.89,-13.0,0.26,-0.0083041,,,33056.4,0.98704033,0.21075097,0,,24.42571429,0.01687558,,-0.44478887,0.57466761,1480.594,1491.003,1490.487,,-7.64939672,-5.0671397,-2.58225703,,1490.487,1529.62640865,1451.34759135,33580,0.97164979,-0.03518888,-0.0072336,-0.00890167,0.16154513,0.21075097
2025-01-06,600519,1425.4,1412.4,1435.06,1405.2,44255,6392479712.0,2.06,-2.42,-35.0,0.35,-0.03887638,,,33667.15,1.31448608,0.22502132,0,,26.13357143,0.01850295,,-0.2850566,-0.05289692,1462.8,1482.803,1487.6305,,-12.881798,-6.63007136,-6.25172664,,1487.6305,1539.48390692,1435.77709308,38279.2,1.15611089,-0.05925921,-0.02407033,-0.02418129,0.18087185,0.22502132
2025-01-07,600519,1417.06,1412.6,1424.29,1411.4,24221,3494634227.0,0.91,0.01,0.2,0.19,-0.03729248,,,33888.2,0.71473256,0.22513404,0,,23.62642857,0.01672549,,-0.30379699,-0.05141249,1445.84,1474.178,1484.8945,,-16.81850216,-8.66775752,-8.15074464,,1484.8945,1546.17733128,1423.61166872,38097.4,0.63576517,-0.05663149,0.00262772,0.0001416,0.19084444,0.22513404
2025-01-08,600519,1412.4,1414.9,1424.22,1399.06,35258,5071821246.0,1.78,0.16,2.3,0.28,-0.05364823,,,32635.5,1.08035728,0.21198257,0,,23.28785714,0.01645901,,-0.36570166,0.32612668,1429.54,1464.546,1480.884,,-19.5276749,-10.83974099,-8.68793391,,1480.884,1549.42092371,1412.34707629,37278.2,0.94580747,-0.05446405,0.00216745,0.0016282,0.19957629,0.21198257
2025-01-09,600519,1421.39,1416.4,1436.98,1405.38,29706,4295852736.0,2.23,0.11,1.5,0.24,-0.04562973,,,32637.25,0.91018698,0.21162049,0,,24.03285714,0.01696756,,-0.46895944,0.41689331,1420.74,1455.946,1477.498,,-21.30805042,-12.93340288,-8.37464754,,1477.498,1551.809771,1403.186229,33213.6,0.89439266,-0.03012873,0.02433532,0.00106015,0.17474954,0.21162049
2025-01-10,600519,1419.5,1408.4,1424.35,1408.4,21872,3154677598.0,1.13,-0.56,-8.0,0.17,-0.06994559,,,31634,0.69140798,0.19420701,0,,23.61642857,0.01676827,,-0.62092931,0.77883352,1412.94,1446.767,1472.202,,-23.09828137,-14.96637858,-8.13190279,,1472.202,1550.45712705,1393.94687295,31062.4,0.70413104,-0.02694487,0.00318387,-0.00564812,0.17292231,0.19420701
2025-01-13,600519,1397.4,1416.38,1416.84,1394.41,21083,3030806870.0,1.59,0.57,7.98,0.17,-0.03484791,,,30212.55,0.69782259,0.16741754,0,,23.71857143,0.01674591,,-0.49350527,1.22461872,1413.736,1438.268,1469.645,,-23.6010745,-16.69331776,-6.90775674,,1469.645,1551.78963227,1387.50036773,26428,0.79775238,0.0028179,0.02976277,0.005666,0.06456938,0.16741754
2025-01-14,600519,1417.35,1444.9,1451.08,1414.4,30957,4535651504.0,2.59,2.01,28.52,0.25,-0.02088472,,,30133.55,1.02732668,0.18307118,0,,24.73785714,0.01712081,,-0.20485104,0.74370518,1420.196,1433.018,1468.104,,-21.45094291,-17.64484279,-3.80610012,,1468.104,1550.92236013,1385.28563987,27775.2,1.11455543,0.02286564,0.02004774,0.02013584,0.15244484,0.18307118
2025-01-15,600519,1439.4,1443.67,1447.0,1432.41,18399,2701518712.0,1.01,-0.09,-1.23,0.15,-0.04171866,,,28344.9,0.64911148,0.16389929,0,,24.87142857,0.01722792,,-0.48869237,1.32981211,1425.95,1427.745,1464.9615,,-19.62003134,-18.0398805,-1.58015084,,1464.9615,1546.40041331,1383.52258669,24403.4,0.75395232,0.02033359,-0.00253205,-0.00085127,0.15642199,0.16389929
2025-01-16,600519,1446.4,1418.78,1455.06,1414.4,26342,3840411437.0,2.82,-1.72,-24.89,0.21,-0.06660439,,,27603.9,0.95428545,0.16685654,0,,26.64857143,0.01878274,,-0.28873998,0.9125919,1426.426,1423.583,1459.8995,,-19.94749343,-18.42140309,-1.52609035,,1459.8995,1539.49350202,1380.30549798,23730.6,1.11004357,0.00168032,-0.01865328,-0.01724078,0.21975962,0.16685654
2025-01-17,600519,1418.79,1427.15,1433.4,1418.78,18309,2663227309.0,1.03,0.59,8.37,0.15,-0.04826846,,,27278.9,0.67117809,0.16548421,0,,26.51428571,0.01857849,,-0.51234429,1.20820399,1430.176,1421.558,1456.2805,,-19.30903788,-18.59893005,-0.71010784,,1456.2805,1534.86298699,1377.69801301,23018,0.79542097,0.01331298,0.01163266,0.00589943,0.21493491,0.16548421
2025-01-20,600519,1433.4,1447.2,1462.19,1432.4,31410,4647626351.0,2.09,1.4,20.05,0.25,-0.03158458,,,27441.5,1.14461673,0.17540249,0,,27.66285714,0.01911474,,-0.50071083,0.72258421,1436.34,1425.038,1453.9205,,-16.98934721,-18.27701348,1.28766627,,1453.9205,1530.49203751,1377.34896249,25083.4,1.25222259,0.0217597,0.00844672,0.01404898,0.22988828,0.17540249
2025-01-21,600519,1453.4,1440.55,1454.4,1437.4,16856,2481821229.0,1.17,-0.46,-6.65,0.13,-0.03889649,,,27204.15,0.61961135,0.17487154,0,,27.235,0.01890597,,-0.39595174,0.69597035,1435.47,1427.833,1451.0055,,-15.50879927,-17.72337064,2.21457137,,1451.0055,1524.76238014,1377.24861986,22263.2,0.75712386,-0.00301059,-0.02477029,-0.00459508,0.18610466,0.17487154
2025-01-22,600519,1435.67,1413.4,1440.35,1410.4,28294,4088101682.0,2.08,-1.88,-27.15,0.23,-0.06472916,,,27513.6,1.02836415,0.1803272,0,,26.21071429,0.01854444,,-0.19690514,0.28202191,1429.416,1427.683,1446.1145,,-16.33789933,-17.44627638,1.10837705,,1446.1145,1515.92675574,1376.30224426,24242.2,1.1671383,-0.0209674,-0.01795681,-0.01884697,0.2272553,0.1803272
2025-01-23,600519,1422.37,1415.4,1440.4,1410.4,27125,3932700850.0,2.12,0.14,2.0,0.22,-0.05790735,,,28013.7,0.96827624,0.18079957,0,,26.355,0.01862018,,-0.29676171,0.28247684,1428.74,1427.583,1441.7645,,-16.6417481,-17.28537072,0.64362262,,1441.7645,1507.53473882,1375.99426118,24398.8,1.111735,-0.00238233,0.01858507,0.00141503,0.19597758,0.18079957
2025-01-24,600519,1414.4,1408.4,1420.19,1402.71,31360,4515322685.0,1.23,-0.49,-7.0,0.25,-0.06118558,,,28667.35,1.09392741,0.18085187,0,,24.58928571,0.01745902,,-0.24611858,0.25765178,1424.99,1427.583,1437.175,,-17.24856126,-17.27800883,0.02944757,,1437.175,1498.43470789,1375.91529211,27009,1.16109445,-0.01313807,-0.01075574,-0.0049456,0.18895898,0.18085187
2025-01-27,600519,1409.4,1407.39,1416.37,1399.42,29356,4213534543.0,1.2,-0.07,-1.01,0.23,-0.06259616,,,29097.2,1.00889433,0.18050281,0,,24.87928571,0.01767761,,-0.22729404,0.27848173,1417.028,1426.684,1432.476,,-17.60798968,-17.344005,-0.26398468,,1432.476,1487.05594095,1377.89605905,26598.2,1.10368371,-0.02750829,-0.01437022,-0.00071713,0.12548748,0.18050281
2025-02-05,600519,1412.4,1376.2,1415.4,1374.61,40757,5753730034.0,2.9,-2.22,-31.19,0.32,-0.0809403,,,29878.55,1.36408895,0.19264286,0,,25.99571429,0.01888949,,-0.142638,-0.27287912,1404.158,1419.814,1426.416,,-20.17702346,-17.91060869,-2.26641477,,1426.416,1477.44230422,1375.38969578,31378.4,1.29888713,-0.04467044,-0.01716215,-0.02216159,0.17091731,0.19264286
2025-02-06,600519,1372.41,1385.24,1394.39,1372.41,27356,3859568163.0,1.6,0.66,9.04,0.22,-0.07428495,,,29278.65,0.9343327,0.19605569,0,,25.30857143,0.01827017,,-0.19617183,-0.43271738,1398.526,1413.971,1420.858,,-21.23872202,-18.57623136,-2.66249066,,1420.858,1463.27788888,1378.43811112,31190.8,0.87705349,-0.01992359,0.02474685,0.00656881,0.17435457,0.19605569
2025-02-07,600519,1386.08,1408.4,1415.08,1375.81,37242,5310850624.0,2.83,1.67,23.16,0.3,-0.03560668,,,28639.3,1.30038095,0.19353033,0,,26.97428571,0.01915243,,-0.21976993,-0.29286429,1397.126,1412.933,1418.258,1469.06366667,-19.98097905,-18.85718089,-1.12379815,,1418.258,1456.65702718,1379.85897282,33214.2,1.12126741,-0.0049456,0.01497799,0.01671912,0.22931274,0.19353033
2025-02-10,600519,1410.4,1403.91,1412.4,1399.49,20840,2988101756.0,0.92,-0.32,-4.49,0.17,-0.03004698,-0.12127111,,28049.9,0.74296165,0.19178096,0,,26.29428571,0.01872932,,-0.2925982,-0.15210588,1396.228,1410.609,1416.0835,1465.8345,-19.12604106,-18.91095293,-0.21508813,,1416.0835,1452.40326424,1379.76373576,31110.2,0.66987676,-0.00318801,0.00175758,-0.00318801,0.22769654,0.19178096
2025-02-11,600519,1407.35,1390.4,1408.36,1388.3,23573,3348668867.0,1.43,-0.96,-13.51,0.19,-0.01557632,-0.1078544,,27015.8,0.87256346,0.17513973,0,,25.10714286,0.0180575,,-0.11701218,0.05387256,1392.83,1404.929,1414.9835,1463.033,-19.31597806,-18.99195795,-0.32402011,,1414.9835,1453.06297107,1376.90402893,29953.6,0.78698387,-0.01207199,-0.00888398,-0.00962312,0.23669466,0.17513973
2025-02-12,600519,1390.4,1415.4,1417.4,1389.28,25476,3644170477.0,2.02,1.8,25.0,0.2,0.00198216,-0.08478982,,27078.55,0.94081847,0.1873351,0,,26.07357143,0.01842134,,-0.11512876,-0.34221803,1400.67,1402.414,1415.1235,1460.8475,-17.25036201,-18.64363876,1.39327676,,1415.1235,1453.1866593,1377.0603407,26897.4,0.94715474,0.02848423,0.04055622,0.01798044,0.19226835,0.1873351
2025-02-13,600519,1415.42,1437.46,1447.65,1406.91,43385,6335985851.0,2.88,1.56,22.06,0.35,0.01594459,-0.0578481,,27484.9,1.57850311,0.19516845,0,,26.07928571,0.01814262,,-0.17594841,-0.62382981,1411.114,1404.82,1416.2515,1459.3765,-13.67564445,-17.6500399,3.97439545,,1416.2515,1455.60212644,1376.90087356,30103.2,1.44120891,0.03769744,0.00921321,0.0155857,0.20508938,0.19516845
2025-02-14,600519,1437.46,1447.4,1449.4,1430.62,27100,3978694098.0,1.31,0.69,9.94,0.22,0.02188647,-0.05214077,,27354.6,0.99069261,0.1963498,0,,26.37642857,0.01822332,,-0.24484947,-0.66520068,1418.914,1408.02,1417.8015,1458.0495,-9.92615753,-16.10526343,6.17910589,,1417.8015,1459.54608189,1376.05691811,28074.8,0.96527847,0.027691,-0.01000644,0.00691498,0.1884441,0.1963498
2025-02-17,600519,1453.4,1444.02,1467.38,1439.5,32471,4804663813.0,1.93,-0.23,-3.38,0.26,0.02529111,-0.05143465,,27884.55,1.16447997,0.19517584,0,,25.865,0.0179118,,-0.28563387,-0.5842123,1426.936,1411.582,1419.5825,1456.7445,-7.14503636,-14.31321801,7.16818165,,1419.5825,1462.6564398,1376.5085602,30401,1.06808987,0.02857021,0.00087921,-0.00233522,0.18603934,0.19517584
2025-02-18,600519,1442.4,1447.4,1465.39,1434.48,27800,4113845397.0,2.14,0.23,3.38,0.22,0.0219009,-0.03988007,,28220.4,0.98510298,0.19455003,0,,26.85857143,0.01855643,,-0.2457457,-0.56513339,1438.336,1415.583,1421.1335,1455.7425,-4.61504073,-12.37358256,7.75854183,,1421.1335,1465.92171662,1376.34528338,31246.4,0.88970249,0.0409954,0.01242519,0.00234069,0.13681729,0.19455003
2025-02-19,600519,1447.45,1463.4,1466.84,1437.3,32393,4803378441.0,2.04,1.11,16.0,0.26,0.01280365,-0.02926661,,28292.2,1.14494454,0.18524703,0,,26.815,0.01832377,,-0.37083001,-0.47314844,1447.936,1424.303,1422.0585,1455.00716667,-1.30390408,-10.15964686,8.85574278,,1422.0585,1469.59335957,1374.52364043,32629.8,0.99274283,0.03391267,-0.00708272,0.0110543,0.11185614,0.18524703
2025-02-20,600519,1455.4,1446.4,1464.37,1445.79,23750,3513552984.0,1.27,-1.16,-17.0,0.19,0.00189101,-0.02954832,,28559.75,0.83158991,0.19031572,0,,25.99928571,0.01797517,,-0.2555188,-0.77977369,1449.724,1430.419,1422.195,1454.27316667,-0.05097475,-8.13791244,8.08693769,,1422.195,1470.00603748,1374.38396252,28702.8,0.82744541,0.0062193,-0.02769337,-0.01161678,0.13925561,0.19031572
2025-02-21,600519,1452.4,1460.61,1469.13,1445.41,36418,5418169587.0,1.64,0.98,14.21,0.29,0.02948308,-0.02191076,,29063.55,1.2530472,0.18153543,0,,26.445,0.01810545,,-0.44941487,-0.40945104,1452.366,1435.64,1424.2865,1453.72783333,2.06480719,-6.09736851,8.16217571,,1424.2865,1475.03783445,1373.53516555,30566.4,1.19143897,0.00912671,0.00290741,0.00982439,0.14794436,0.18153543
2025-02-24,600519,1460.4,1451.47,1471.92,1446.4,34744,5157907322.0,1.75,-0.63,-9.14,0.28,0.01704096,-0.02823955,,29885.3,1.16257826,0.18276702,0,,27.05714286,0.0186412,,-0.28546002,-0.57690202,1453.856,1440.396,1425.5025,1453.02483333,2.96982374,-4.28393006,7.2537538,,1425.5025,1477.68786834,1373.31713166,31021,1.12001547,0.00515921,-0.0039675,-0.00625766,0.15726771,0.18276702
2025-02-25,600519,1442.41,1426.4,1445.79,1424.4,28387,4142814459.0,1.47,-1.73,-25.07,0.23,-0.01437258,-0.02055839,,29734.15,0.95469351,0.18667295,0,,26.07714286,0.01828179,,-0.1189441,-0.74186703,1449.656,1443.996,1424.4625,1452.52583333,1.6451521,-3.09811363,4.74326573,,1424.4625,1475.64664058,1373.27835942,31138.4,0.91163965,-0.01450877,-0.01966798,-0.01727214,0.20242903,0.18667295
2025-02-26,600519,1427.85,1432.41,1437.36,1417.4,26366,3835949041.0,1.4,0.42,6.01,0.21,-0.00565062,-0.0101445,,30209.65,0.87276748,0.18682731,0,,25.93285714,0.01810435,,-0.23711576,-0.7175758,1443.458,1445.697,1424.0555,1452.28116667,1.06798598,-2.26489371,3.33287969,,1424.0555,1474.82882349,1373.28217651,29933,0.88083386,-0.02117671,-0.00666794,0.0042134,0.17705417,0.18682731
2025-02-27,600519,1432.42,1457.96,1462.3,1426.4,49762,7368002361.0,2.51,1.78,25.55,0.4,0.03152681,0.00030188,,31283.05,1.59070167,0.18366322,0,,25.69214286,0.01762198,,-0.31632423,-0.53540375,1445.77,1447.747,1426.2835,1452.2885,2.64179615,-1.28355574,3.92535189,,1426.2835,1478.96299777,1373.60400223,35135.4,1.4162924,0.00799226,0.02916897,0.01783707,0.21823694,0.18366322
2025-02-28,600519,1457.9,1473.19,1500.78,1454.4,56129,8475738166.0,3.18,1.04,15.23,0.45,0.04082945,0.00382946,,32733.25,1.7147396,0.18631021,0,,28.08285714,0.01906262,,-0.40644884,-0.6142918,1448.286,1450.326,1429.173,1452.38216667,5.05966115,-0.01491236,5.07457351,,1429.173,1485.54890008,1372.79709992,39077.6,1.43634717,0.00861284,0.00062058,0.0104461,0.21974007,0.18631021
2025-03-03,600519,1475.0,1459.42,1493.39,1453.9,31596,4736679903.0,2.68,-0.93,-13.77,0.25,0.0362255,-0.00484139,,32745.05,0.9649092,0.1891415,0,,29.47071429,0.02019344,,-0.36639295,-0.76958821,1449.876,1451.866,1431.724,1452.26383333,5.79787833,1.14764578,4.65023255,,1431.724,1488.75559139,1374.69240861,38448,0.82178527,0.00547721,-0.00313563,-0.00934706,0.22781728,0.1891415
2025-03-04,600519,1457.4,1442.51,1458.4,1437.61,25211,3710675863.0,1.42,-1.16,-16.91,0.2,0.02495399,-0.02153623,,32537.8,0.7748219,0.19494331,0,,29.02,0.02011771,,-0.26306492,-1.05518019,1453.098,1451.377,1433.48,1451.73466667,4.96123506,1.91036363,3.05087142,,1433.48,1489.51079041,1377.44920959,37812.8,0.6667319,0.01129417,0.00581696,-0.01158679,0.2007854,0.19494331
2025-03-05,600519,1444.4,1438.77,1446.4,1432.5,24605,3606932152.0,0.96,-0.26,-3.74,0.2,0.04546578,-0.02358298,,31730.2,0.77544421,0.17506216,0,,27.10285714,0.01883752,,-0.09893492,-1.22112858,1454.37,1448.914,1436.6085,1451.1555,3.95085944,2.3184628,1.63239665,,1436.6085,1485.73480436,1387.48219564,37460.6,0.65682344,0.00444007,-0.0068541,-0.0025927,0.20253232,0.17506216
2025-03-06,600519,1446.4,1478.38,1482.6,1444.48,42168,6297117400.0,2.65,2.75,39.61,0.34,0.06723745,0.00211488,,32470.8,1.2986437,0.19638226,0,,28.89214286,0.01954311,,0.14146067,-0.94163895,1458.454,1452.112,1441.2655,1451.2075,6.27400266,3.10957077,3.16443189,,1441.2655,1487.4596051,1395.0713949,35941.8,1.17323006,0.01400587,0.0095658,0.02753046,0.25764066,0.19638226
2025-03-07,600519,1475.4,1493.4,1500.76,1475.4,37991,5760608729.0,1.72,1.02,15.02,0.3,0.06035217,0.01694223,,32508.25,1.16865719,0.19177773,0,,28.71214286,0.01922602,,0.17338685,-0.76742681,1462.496,1455.391,1445.5155,1451.62216667,9.22080714,4.33181804,4.8889891,,1445.5155,1494.53239912,1396.49860088,32314.2,1.17567509,0.01371853,-0.00028734,0.01015977,0.2571191,0.19177773
2025-03-10,600519,1492.21,1495.3,1499.28,1478.54,31369,4758789260.0,1.39,0.13,1.9,0.25,0.06509677,0.02451491,,33034.7,0.94957726,0.19051726,0,,27.98571429,0.01871579,,0.1227564,-0.71254347,1469.672,1459.774,1450.085,1452.2185,11.57604362,5.78066316,5.79538046,,1450.085,1499.80524918,1400.36475082,32268.8,0.97211548,0.02458511,0.01086658,0.00127226,0.23557769,0.19051726
2025-03-11,600519,1489.4,1521.08,1521.08,1484.4,39776,6094007854.0,2.45,1.72,25.78,0.32,0.09398734,0.03507924,,33844.85,1.17524527,0.19035034,0,,28.49571429,0.01873387,,-0.08663319,-0.71870048,1485.386,1469.242,1456.619,1453.07766667,15.34591786,7.6937141,7.65220376,,1456.619,1507.64348902,1405.59451098,35181.8,1.13058456,0.05446756,0.02988245,0.01724069,0.19310746,0.19035034
2025-03-12,600519,1519.36,1514.98,1522.08,1498.75,29604,4552923644.0,1.53,-0.4,-6.1,0.24,0.07035467,0.03248099,,34051.25,0.8693954,0.18575125,0,,28.835,0.01903325,,0.10987318,-0.55439357,1500.628,1477.499,1461.598,1453.872,17.63803109,9.6825775,7.95545359,,1461.598,1515.06281247,1408.13318753,36181.6,0.81820594,0.05296886,-0.0014987,-0.00401031,0.19942427,0.18575125
2025-03-13,600519,1516.4,1510.17,1527.9,1503.28,25724,3966369271.0,1.63,-0.32,-4.81,0.2,0.05058228,0.01007284,,33168.2,0.77556213,0.18140808,0,,28.89928571,0.01913645,,0.31102883,-0.27053391,1506.986,1482.72,1465.2335,1454.123,18.84913939,11.51588987,7.33324951,,1465.2335,1521.59710949,1408.86989051,32892.8,0.78205565,0.02150327,-0.03146559,-0.00317496,0.14547098,0.18140808
2025-03-14,600519,1520.06,1600.41,1600.41,1513.4,92913,14882842708.0,5.76,5.98,90.24,0.74,0.10571369,0.0783562,,36458.85,2.54843474,0.27245572,0,,33.52214286,0.02094597,,1.74078331,4.50912031,1528.388,1495.442,1472.884,1456.06116667,26.78184089,14.56908008,12.21276081,,1472.884,1554.80066841,1390.96733159,43877.2,2.11756903,0.07165528,0.05015202,0.05975486,0.42633626,0.27245572
2025-03-17,600519,1629.4,1610.26,1630.39,1599.28,54689,8985138902.0,1.94,0.62,9.85,0.44,0.11512306,0.06335517,,37569.75,1.45566579,0.2710151,0,,33.81071429,0.02099705,,1.69077927,4.46609468,1551.38,1510.526,1481.196,1457.66016667,33.47746923,18.35075791,15.12671132,,1481.196,1582.27581805,1380.11618195,48541.2,1.12665117,0.07688089,0.00522561,0.00615467,0.41833115,0.2710151
2025-03-18,600519,1617.44,1596.4,1624.4,1594.1,31613,5153210436.0,1.88,-0.86,-13.86,0.25,0.10294321,0.08782163,,37760.4,0.83719982,0.27550954,0,,34.54928571,0.021642,,1.68286453,4.24278159,1566.444,1525.915,1488.646,1459.80816667,37.23618124,22.12784257,15.10833867,,1488.646,1600.6150819,1376.6769181,46908.6,0.6739276,0.04951745,-0.02736345,-0.00860731,0.44944978,0.27550954
2025-03-19,600519,1596.69,1608.11,1620.4,1595.4,27390,4477128770.0,1.57,0.73,11.71,0.22,0.09888616,0.08971214,,37510.25,0.73020041,0.27474997,0,,33.77071429,0.02100025,,1.7303691,4.41908144,1585.07,1542.849,1495.8815,1462.01466667,40.69082819,25.8404397,14.85038849,,1495.8815,1619.11712818,1372.64587182,46465.8,0.5894658,0.06147276,0.01195531,0.00733525,0.43408632,0.27474997
2025-03-20,600519,1608.11,1576.4,1610.0,1567.47,36737,5903879207.0,2.64,-1.97,-31.71,0.29,0.08987832,0.04638505,,38159.6,0.96271974,0.28258962,0,,33.49571429,0.02124823,,1.55857418,3.95269558,1598.316,1552.651,1502.3815,1463.17933333,40.40417463,28.75318668,11.65098794,,1502.3815,1628.31227067,1376.45072933,48668.4,0.75484298,0.04385599,-0.01761677,-0.0197188,0.48421859,0.28258962
2025-03-21,600519,1571.4,1546.15,1584.6,1541.23,33614,5324973190.0,2.75,-1.92,-30.25,0.27,0.05856457,0.01719056,,38019.4,0.88412758,0.29382812,0,,33.77285714,0.0218432,,1.5249003,3.60249058,1587.464,1557.926,1506.6585,1463.61483333,37.30603665,30.46375668,6.84227997,,1506.6585,1632.42614211,1380.89085789,36808.6,0.9132105,-0.03390381,-0.0777598,-0.01918929,0.20868868,0.29382812
2025-03-24,600519,1542.4,1555.4,1562.06,1534.78,25566,4032223482.0,1.76,0.6,9.25,0.2,0.07160327,0.03725834,,37560.5,0.68066187,0.2919141,0,,34.16357143,0.02196449,,1.45184222,3.53915713,1576.492,1563.936,1511.855,1464.546,35.19147229,31.4092998,3.78217249,,1511.855,1636.60571151,1387.10428849,30984,0.82513555,-0.03406903,-0.00016522,0.0059826,0.20801797,0.2919141
2025-03-25,600519,1560.4,1547.9,1565.2,1539.06,17674,2783286813.0,1.68,-0.48,-7.5,0.14,0.08517947,0.03580032,,37024.85,0.47735507,0.28331373,0,,35.03785714,0.02263574,,1.55943398,4.02772326,1566.792,1566.618,1517.93,1465.43766667,32.53542931,31.6345257,0.90090361,,1517.93,1636.85641475,1399.00358525,28196.2,0.62682205,-0.03038086,0.00368818,-0.00482191,0.20772699,0.28331373
2025-03-26,600519,1545.17,1548.4,1554.98,1543.4,14324,2257639750.0,0.75,0.03,0.5,0.11,0.08097542,0.03305868,,36422.75,0.39327069,0.28365564,0,,32.73428571,0.02114072,,1.58947237,4.0759952,1554.85,1569.96,1523.7295,1466.2635,30.12359587,31.33233973,-1.20874387,,1523.7295,1636.23555045,1411.22344955,25583,0.55990306,-0.03713054,-0.00674969,0.00032302,0.18377611,0.28365564
2025-03-27,600519,1548.4,1561.4,1570.65,1545.78,17956,2848889210.0,1.61,0.84,13.0,0.14,0.07094845,0.03320496,,34832.45,0.51549633,0.27951857,0,,32.69928571,0.02094229,,1.72328889,4.73242164,1551.85,1575.083,1528.9015,1467.09983333,28.92773097,30.85141798,-1.92368701,,1528.9015,1638.14011073,1419.66288927,21826.8,0.82265838,-0.00951535,0.02761519,0.00839576,0.17399248,0.27951857
2025-03-28,600519,1563.33,1557.61,1565.4,1548.4,16228,2569470015.0,1.09,-0.24,-3.79,0.13,0.05730422,0.03674787,,32837.4,0.4941926,0.27905767,0,,32.43214286,0.02082174,,1.84813293,5.10983494,1554.142,1570.803,1533.1225,1468.02,27.35880284,30.15289495,-2.79409211,,1533.1225,1639.79087126,1426.45412874,18349.6,0.88437895,0.00741196,0.01692731,-0.00242731,0.08853522,0.27905767
2025-03-31,600519,1553.38,1533.4,1559.36,1532.46,21085,3311857714.0,1.73,-1.55,-24.21,0.17,0.05069137,0.0221372,,32311.85,0.65254698,0.2835054,0,,31.73357143,0.02069491,,1.77459342,4.79595445,1549.742,1563.117,1536.8215,1468.5735,23.88652237,28.89962044,-5.01309807,,1536.8215,1637.70239721,1435.94060279,17453.4,1.20807407,-0.01414427,-0.02155623,-0.01554304,0.1378684,0.2835054
2025-04-01,600519,1536.4,1528.42,1542.29,1524.61,18556,2893739955.0,1.15,-0.32,-4.98,0.15,0.05955591,0.01801688,,31979.1,0.58025398,0.27947817,0,,31.33,0.02049829,,1.80204377,5.04160028,1545.846,1556.319,1541.117,1469.02433333,20.49659867,27.21901608,-6.72241741,,1541.117,1631.90007055,1450.33392945,17629.8,1.05253605,-0.01258479,0.00155948,-0.00324768,0.13687389,0.27947817
2025-04-02,600519,1530.4,1521.42,1540.2,1517.9,21674,3371883024.0,1.46,-0.46,-7.0,0.17,0.0574449,0.01604114,,31832.55,0.68087539,0.28009777,0,,31.16428571,0.02048368,,1.806074,5.01768096,1540.45,1547.65,1545.2495,1469.42466667,17.04869151,25.18495117,-8.13625966,,1545.2495,1623.0061383,1467.4928617,19099.8,1.13477628,-0.01742444,-0.00483965,-0.00457989,0.13491526,0.28009777
2025-04-03,600519,1502.4,1541.28,1558.4,1501.41,35481,5557442052.0,3.75,1.31,19.86,0.28,0.04254657,0.02999198,,31498.2,1.12644532,0.26768049,0,,28.78928571,0.01867882,,2.04371693,6.82039344,1536.426,1544.138,1548.3945,1470.17266667,15.73732617,23.29542617,-7.5581,,1548.3945,1619.57308444,1477.21591556,22604.8,1.56962238,-0.01288587,0.00453857,0.01305359,0.16206652,0.26768049
2025-04-07,600519,1492.41,1472.4,1509.25,1434.4,101953,15314738235.0,4.86,-4.47,-68.88,0.81,-0.01406187,0.00821693,,34696.3,2.93844012,0.3130567,0,,34.20142857,0.02322835,,0.95351243,4.80423139,1519.384,1536.763,1547.3445,1470.37266667,9.03585958,20.44351285,-11.40765327,,1547.3445,1622.45014587,1472.23885413,39749.8,2.56486825,-0.05470561,-0.04181974,-0.04469013,0.34005881,0.3130567
2025-04-08,600519,1485.4,1517.4,1517.4,1467.4,73876,11226977557.0,3.4,3.06,45.0,0.59,0.01477964,0.04836258,,36821.65,2.00631965,0.33197962,0,,35.60857143,0.02346683,,0.75780432,3.10857028,1516.184,1532.963,1548.4495,1471.53933333,7.27219362,17.80924901,-10.53705538,,1548.4495,1620.93572126,1475.96327874,50308,1.4684742,-0.01043433,0.04427128,0.03056235,0.44316152,0.33197962
2025-04-09,600519,1497.42,1513.44,1529.2,1492.95,55630,8562928225.0,2.39,-0.26,-3.96,0.44,-0.00502275,0.07153781,,37614.35,1.47895683,0.32648414,0,,36.41214286,0.02405919,,0.92829448,3.74131385,1513.188,1529.517,1548.0675,1473.22333333,5.49163262,15.34572573,-9.85409311,,1548.0675,1621.23832446,1474.89667554,57722.8,0.96374396,-0.00980097,0.00063336,-0.00260973,0.44305158,0.32648414
2025-04-10,600519,1523.39,1521.4,1527.4,1500.4,38620,5963650791.0,1.78,0.53,7.96,0.31,0.00423768,0.0770211,,38065.15,1.01457633,0.32665197,0,,35.30285714,0.02320419,,0.8531912,3.62744765,1513.184,1526.817,1548.3885,1475.03666667,4.66900924,13.21038243,-8.54137319,,1548.3885,1621.00235609,1475.77464391,61112,0.63195444,-0.00001315,0.00978783,0.00525954,0.44446055,0.32665197
2025-04-11,600519,1552.37,1541.38,1552.37,1517.4,32634,5087359924.0,2.3,1.31,19.98,0.26,0.02066655,0.08939148,,38410.65,0.84960812,0.32939534,0,,34.70285714,0.02251415,,0.71477454,3.25030195,1513.204,1524.815,1549.949,1477.14466667,5.56514181,11.68133431,-6.11619249,,1549.949,1620.41426517,1479.48373483,60542.6,0.53902541,0.00006488,0.00007803,0.01313264,0.44460361,0.32939534
2025-04-14,600519,1533.37,1524.39,1538.4,1523.93,21711,3379425640.0,0.94,-1.1,-16.99,0.17,-0.04750033,0.07624259,,34850.55,0.62297439,0.24846401,0,,34.00071429,0.02230447,,-0.65330617,2.18047634,1523.602,1521.493,1546.148,1478.9445,4.84849193,10.31476583,-5.4662739,,1546.148,1613.27463213,1479.02136787,44494.2,0.48795124,0.0353097,0.03524482,-0.01102259,0.25261956,0.24846401
2025-04-15,600519,1524.4,1530.4,1537.4,1517.4,21489,3339942729.0,1.31,0.39,6.01,0.17,-0.04959448,0.08662312,,33190.55,0.64744332,0.24758665,0,,33.56214286,0.02193031,,-0.6422219,2.23465699,1526.202,1521.193,1542.155,1480.97783333,4.71119083,9.19405083,-4.48286,,1542.155,1602.36899995,1481.94100005,34016.8,0.63171727,0.00856729,-0.02674241,0.00394256,0.14393254,0.24758665
2025-04-16,600519,1524.4,1531.57,1548.4,1509.4,31156,4834880596.0,2.55,0.08,1.17,0.25,-0.04061012,0.08132705,,33167.7,0.93934762,0.24671548,0,,35.52071429,0.02319235,,-0.74539509,2.41851995,1529.828,1521.508,1538.9135,1482.89766667,4.64326329,8.28389332,-3.64063003,,1538.9135,1593.55409269,1484.27290731,29122,1.0698441,0.01197933,0.00341205,0.00076451,0.13943061,0.24671548
2025-04-17,600519,1526.4,1542.4,1548.9,1522.39,23846,3733924973.0,1.73,0.71,10.83,0.19,-0.04086163,0.06747872,,32990.5,0.72281414,0.24658534,0,,35.63785714,0.02310546,,-0.74477929,2.42696627,1534.028,1523.606,1535.628,1484.52266667,5.40106065,7.70732679,-2.30626614,,1535.628,1579.61288525,1491.64311475,26167.2,0.91129353,0.01380308,0.00182374,0.00707118,0.14232198,0.24658534
2025-04-18,600519,1538.4,1538.34,1547.4,1528.4,20298,3179974340.0,1.23,-0.26,-4.06,0.16,-0.02414362,0.06557593,,32168.55,0.63098896,0.23756585,0,,35.78071429,0.0232593,,-0.9257962,3.47724535,1533.42,1523.312,1533.725,1486.1005,5.60935134,7.2877317,-1.67838036,,1533.725,1573.36085272,1494.08914728,23700,0.8564557,-0.00197226,-0.01577533,-0.00263226,0.1105109,0.23756585
2025-04-21,600519,1537.9,1523.4,1537.9,1523.4,18057,2808158177.0,0.94,-0.97,-14.94,0.14,-0.01471397,0.07373941,,31390.7,0.57523407,0.23027171,0,,34.92642857,0.02292663,,-1.02455242,4.40074382,1533.222,1528.412,1532.5875,1487.84416667,4.51682295,6.73354995,-2.216727,,1532.5875,1572.02726293,1493.14773707,22969.2,0.7861397,-0.00064944,0.00132282,-0.00971177,0.102668,0.23027171
2025-04-22,600519,1522.4,1521.2,1528.7,1515.61,18432,2857525967.0,0.86,-0.14,-2.2,0.15,-0.02198791,0.06590057,,31034,0.59392924,0.22894403,0,,34.59857143,0.02274426,,-0.96230725,4.45543274,1531.382,1528.792,1530.8775,1489.41166667,3.43388107,6.07361617,-2.6397351,,1530.8775,1569.09952114,1492.65547886,22357.8,0.82441027,-0.0060115,-0.00536206,-0.00144414,0.09617919,0.22894403
2025-04-23,600519,1531.4,1524.4,1531.62,1517.4,18669,2895468892.0,0.93,0.21,3.2,0.15,-0.01518186,0.05334439,,31083.75,0.60060321,0.22873489,0,,34.02142857,0.02231791,,-1.04339963,4.60365894,1529.948,1529.888,1529.7025,1490.69833333,2.80156044,5.41920503,-2.61764459,,1529.7025,1567.15833722,1492.24666278,19860.4,0.94001128,-0.00468147,0.00133003,0.0021036,0.09833958,0.22873489
2025-04-24,600519,1524.4,1524.65,1533.08,1521.38,14872,2313372072.0,0.77,0.02,0.25,0.12,-0.01533841,0.05838048,,31111.15,0.47802797,0.22872648,0,,30.78642857,0.02019246,,-1.04168307,4.60201352,1526.398,1530.213,1528.515,1492.1,2.29416894,4.79419781,-2.50002887,,1528.515,1564.96739693,1492.06260307,18065.6,0.82322204,-0.01150804,-0.00682657,0.000164,0.07154109,0.22872648
2025-04-25,600519,1529.5,1522.4,1533.6,1522.4,14765,2295029705.0,0.73,-0.15,-2.25,0.12,-0.02497758,0.077119,,30951.6,0.47703511,0.22620554,0,,23.95214286,0.01573315,,-0.97647608,4.78218565,1523.21,1528.315,1526.565,1493.91666667,1.69100844,4.17355993,-2.4825515,,1526.565,1559.6251108,1493.5048892,16959,0.87062916,-0.01036182,0.00114622,-0.00147575,0.07167789,0.22620554
2025-04-28,600519,1524.4,1522.4,1527.4,1519.0,14660,2274252465.0,0.55,0.0,0.0,0.12,-0.02260515,0.075597,,30873.2,0.4748455,0.2261902,0,,20.98071429,0.01378134,,-1.00499524,4.82614306,1523.01,1528.116,1524.8045,1495.7,1.19917604,3.57868316,-2.37950712,,1524.8045,1554.48057541,1495.12842459,16279.6,0.90051353,-0.00065643,0.00970539,0,0.02331758,0.2261902
2025-04-29,600519,1522.4,1516.4,1524.94,1504.42,18922,2917422938.0,1.35,-0.39,-6.0,0.15,-0.01108647,0.07668276,,30765.05,0.61504857,0.21999138,0,,19.85714286,0.01309492,,-1.16555944,5.94985962,1522.05,1526.716,1523.9545,1497.5,0.32153896,2.92725432,-2.60571536,,1523.9545,1553.56773635,1494.34126365,16377.6,1.15535854,-0.0031554,-0.00249898,-0.00394115,0.03565488,0.21999138
2025-04-30,600519,1522.39,1519.4,1539.06,1518.7,25754,4005439429.0,1.34,0.2,3.0,0.21,-0.00590152,0.07958704,,31124.95,0.82743908,0.21989676,0,,19.54714286,0.01286504,,-1.22915637,6.07779257,1521.05,1525.499,1523.5035,1499.36683333,-0.13041646,2.31572016,-2.44613662,,1523.5035,1553.10512746,1493.90187254,17794.6,1.447293,-0.00327998,-0.00012458,0.00197837,0.03505608,0.21989676
2025-05-06,600519,1531.4,1522.6,1531.4,1516.73,18300,2838614215.0,0.97,0.21,3.2,0.15,0.00077559,0.10637989,,30956.25,0.59115687,0.21941219,0,,18.09714286,0.01188568,,-1.31582777,6.31479894,1520.64,1523.519,1523.5625,1501.80683333,-0.2277557,1.80702499,-2.03478069,,1523.5625,1553.15134347,1493.97365653,18480.2,0.99024902,-0.00134457,0.00193541,0.00210609,0.04024193,0.21941219
2025-05-07,600519,1542.4,1527.4,1542.4,1522.6,27462,4275142569.0,1.3,0.32,4.8,0.22,-0.0090055,0.10262482,,30555.3,0.89876388,0.21443601,0,,18.265,0.01195823,,-1.33790524,6.94814595,1521.64,1522.425,1522.8685,1504.17616667,0.08148285,1.46191656,-1.38043371,,1522.8685,1551.33753121,1494.39946879,21019.6,1.30649489,0.00328429,0.00462886,0.0031525,0.04465225,0.21443601
2025-05-08,600519,1525.4,1550.59,1565.18,1522.23,33481,5265446444.0,2.81,1.52,23.19,0.27,0.05310378,0.10095853,,27131.7,1.23401777,0.14405733,0,,19.90428571,0.01283659,,1.5546361,4.0048646,1527.278,1525.144,1526.778,1506.546,2.17274971,1.60408319,0.56866652,,1526.778,1546.05730726,1507.49869274,24783.8,1.35092278,0.01851682,0.01523253,0.01518266,0.11113371,0.14405733
2025-05-09,600519,1551.39,1563.58,1569.85,1547.45,23672,3757574546.0,1.44,0.84,12.99,0.19,0.03043364,0.11373236,-0.0213312,24621.5,0.96143614,0.10254567,0,,18.71857143,0.01197161,,0.20115683,0.55701285,1536.714,1529.382,1529.087,1509.20716667,4.82268529,2.24780361,2.57488168,,1529.087,1553.90357434,1504.27042566,25733.8,0.91987969,0.03111316,0.01259635,0.00837746,0.09025142,0.10254567
2025-05-12,600519,1570.4,1576.9,1591.33,1569.01,24735,3967785800.0,1.43,0.85,13.32,0.2,0.04193097,0.13413406,0.01181272,23076.75,1.07185804,0.10419699,0,,18.80714286,0.01192666,,-0.00608069,0.32881435,1548.214,1534.632,1532.26,1512.3155,7.90645037,3.37953296,4.52691741,,1532.26,1563.93347221,1500.58652779,25530,0.96886016,0.03784389,0.00673072,0.00851891,0.08279933,0.10419699
2025-05-13,600519,1581.32,1562.7,1581.32,1557.51,21258,3386617848.0,1.51,-0.9,-14.2,0.17,0.02714605,0.10406952,0.01045567,22208.65,0.95719461,0.11052756,0,,19.15071429,0.01225489,,0.0962725,-0.06158686,1556.234,1538.437,1534.325,1514.7705,9.09964011,4.52355439,4.57608571,,1534.325,1568.31760446,1500.33239554,26121.6,0.81380926,0.02633653,-0.01150736,-0.00900501,0.14347105,0.11052756
2025-05-14,600519,1562.4,1607.39,1617.4,1560.58,39460,6394735058.0,3.64,2.86,44.69,0.31,0.04282526,0.11821546,0.05352883,22549.95,1.74989302,0.14162719,0,,22.14214286,0.01377522,,1.28539367,3.19271925,1572.232,1546.936,1537.6255,1517.60266667,13.49579001,6.31800152,7.17778849,,1537.6255,1584.77468472,1490.47631528,28521.2,1.38353225,0.05237004,0.02603351,0.02859794,0.21565403,0.14162719
2025-05-15,600519,1607.2,1604.41,1615.99,1596.53,24733,4043402636.0,1.21,-0.19,-2.98,0.2,0.05249313,0.10847727,0.05068041,22701.05,1.08950908,0.13385468,0,,22.59714286,0.01408439,,1.55721487,4.03032659,1582.996,1555.137,1541.6265,1520.2195,16.54854802,8.36411082,8.18443721,,1541.6265,1596.92339751,1486.32960249,26771.6,0.92385214,0.03470937,-0.01766067,-0.00185394,0.22522808,0.13385468
2025-05-16,600519,1606.39,1586.53,1609.39,1586.53,22935,3714508659.0,1.42,-1.11,-17.88,0.18,0.03667669,0.09868977,0.04217904,22773.35,1.00709821,0.14228711,0,,23.21428571,0.01463211,,1.36685981,3.29799541,1587.586,1562.15,1544.433,1522.59466667,17.32539777,10.15636821,7.16902957,,1544.433,1602.93546746,1485.93053254,26624.2,0.86143433,0.01467785,-0.02003151,-0.01114428,0.25761886,0.14228711
2025-05-19,600519,1568.4,1551.38,1572.4,1546.28,38063,6021950010.0,1.65,-2.22,-35.15,0.3,0.01293444,0.07183916,0.02909414,23118.7,1.6464161,0.16588777,0,,25.25357143,0.01627813,,0.52164344,2.35330151,1582.482,1565.348,1545.4235,1524.32766667,14.93261171,11.11161691,3.8209948,,1545.4235,1603.67927189,1487.16772811,29289.8,1.29953089,-0.01618365,-0.03086151,-0.02215527,0.30421479,0.16588777
2025-05-20,600519,1552.4,1558.4,1567.2,1547.5,19522,3095742637.0,1.27,0.45,7.02,0.16,0.01037344,0.06491732,0.0337508,22902.5,0.85239603,0.16483249,0,,25.86071429,0.0165944,,0.56198909,2.52952639,1581.622,1568.928,1546.2235,1525.911,13.44774955,11.57884344,1.86890612,,1546.2235,1604.74329252,1487.70370748,28942.6,0.67450747,-0.00275165,0.013432,0.004525,0.30286436,0.16483249
2025-05-21,600519,1557.4,1553.37,1568.34,1553.37,19795,3143941416.0,0.96,-0.32,-5.03,0.16,0.00977027,0.07395603,0.04222243,22877.35,0.8652663,0.16499924,0,,26.33,0.01695024,,0.56869393,2.51364744,1570.818,1571.525,1546.975,1527.69383333,11.72989175,11.6090531,0.12083865,,1546.975,1605.4545365,1488.4954635,25009.6,0.79149607,-0.03360728,-0.03085563,-0.00322767,0.1626912,0.16499924
2025-05-22,600519,1553.39,1552.4,1557.39,1542.5,15090,2381236586.0,0.96,-0.06,-0.97,0.12,0.01903637,0.06284361,0.03955589,22729,0.66390954,0.16060716,0,,25.92785714,0.01670179,,0.52753904,2.99366193,1560.416,1571.706,1548.425,1529.22366667,10.17293886,11.32183025,-1.14889139,,1548.425,1605.87230657,1490.97769343,23081,0.6537845,-0.0324169,0.00119038,-0.00062445,0.16524642,0.16060716
2025-05-23,600519,1547.6,1545.0,1560.3,1544.06,21537,3399424961.0,1.05,-0.48,-7.4,0.17,0.01564554,0.06443812,0.03437887,22884.25,0.94112763,0.16170486,0,,25.46928571,0.01648497,,0.56147243,2.86827081,1552.11,1569.848,1549.615,1530.7825,8.24685966,10.70683613,-2.45997648,,1549.615,1605.65657273,1493.57342727,22801.4,0.94454726,-0.02617662,0.00624028,-0.00476681,0.16013945,0.16170486
2025-05-26,600519,1542.4,1522.9,1547.03,1517.4,27087,4212944430.0,1.92,-1.43,-22.1,0.22,-0.00098399,0.06765283,0.04570361,23305.15,1.16227529,0.17024792,0,,26.53785714,0.01742587,,0.57233495,2.12998544,1546.414,1564.448,1549.54,1532.39083333,4.88087897,9.5416447,-4.66076573,,1549.54,1605.72748203,1493.35251797,20606.2,1.31450728,-0.01835785,0.00781878,-0.01430421,0.10967149,0.17024792
2025-05-27,600519,1523.4,1516.3,1531.0,1515.91,17752,2748945675.0,0.99,-0.43,-6.6,0.14,-0.00547667,0.05856563,0.04782702,23449.15,0.75704237,0.17093951,0,,26.20142857,0.01727984,,0.63121684,2.10224607,1537.994,1559.808,1549.1225,1533.789,1.66159634,7.96563503,-6.30403868,,1549.1225,1606.2056467,1492.0393533,20252.2,0.87654675,-0.02701489,-0.00865704,-0.00433384,0.0826139,0.17093951
2025-05-28,600519,1516.39,1509.4,1518.86,1505.4,16266,2504624605.0,0.89,-0.46,-6.9,0.13,-0.00853915,0.03528218,0.03559471,23524.2,0.69145816,0.17158639,0,,24.095,0.0159633,,0.6678495,2.06477143,1529.2,1550.009,1548.4725,1534.64633333,-1.42999656,6.08650871,-7.51650527,,1548.4725,1607.1117033,1489.8332967,19546.4,0.8321737,-0.0283062,-0.00129131,-0.00455055,0.08088634,0.17158639
2025-05-29,600519,1512.4,1512.4,1527.4,1504.4,21860,3375465796.0,1.52,0.2,3.0,0.17,-0.00656858,0.02661571,0.03054709,23884.2,0.91524941,0.17178868,0,,24.13785714,0.01595997,,0.63548639,2.00905554,1521.2,1540.808,1547.9725,1535.29983333,-3.59657223,4.14989252,-7.74646476,,1547.9725,1607.70804311,1488.23695689,20900.4,1.045913,-0.02576656,0.00253964,0.00198754,0.09253179,0.17178868
2025-05-30,600519,1512.55,1494.4,1517.4,1487.64,31239,4764875947.0,1.97,-1.19,-18.0,0.25,-0.01450805,0.02396843,0.01901099,24500.05,1.27505862,0.17630699,0,,24.28142857,0.01624828,,0.64238128,1.65089642,1511.08,1531.595,1546.8725,1535.88283333,-6.68894266,1.98212549,-8.67106815,,1546.8725,1609.78192825,1483.96307175,22840.8,1.36768414,-0.03275081,-0.00698425,-0.01190161,0.10365381,0.17630699
2025-06-03,600519,1480.41,1481.4,1491.4,1477.42,28979,4377892799.0,0.94,-0.87,-13.0,0.23,-0.02500987,0.02695995,0.00484311,24661.3,1.17507998,0.17824135,0,,23.79357143,0.01606154,,0.75817548,1.60738356,1502.78,1524.597,1544.9725,1536.531,-10.07254978,-0.42880957,-9.64374021,,1544.9725,1613.42654417,1476.51845583,23219.2,1.24806195,-0.02725064,0.00550017,-0.00869914,0.08307234,0.17824135
2025-06-04,600519,1482.9,1482.36,1495.4,1481.62,23008,3480363797.0,0.93,0.06,0.96,0.18,-0.02642848,0.03029671,0.00599924,24896.7,0.92413854,0.17795692,0,,20.735,0.01398783,,0.78225085,1.6646575,1495.992,1516.993,1542.9605,1537.2575,-12.53215593,-2.84947884,-9.68267709,,1542.9605,1616.36941283,1469.55158717,24270.4,0.94798602,-0.02238343,0.00486721,0.00064804,0.09425291,0.17795692
2025-06-05,600519,1486.4,1486.4,1488.4,1474.6,23214,3504925524.0,0.93,0.27,4.04,0.18,-0.026843,0.00542486,0.00755121,24684.3,0.94043582,0.17782227,0,,20.33071429,0.01367782,,0.78943503,1.68725508,1491.392,1510.296,1540.9105,1537.39116667,-13.99410199,-5.07840347,-8.91569852,,1540.9105,1618.32943729,1463.49156271,25660,0.90467654,-0.01523784,0.00714559,0.00272538,0.10727669,0.17782227
2025-06-06,600519,1486.2,1478.79,1491.37,1475.4,25023,3777727616.0,1.07,-0.51,-7.61,0.2,-0.04630495,-0.00978305,0.00699344,24261.4,1.03139143,0.16714519,0,-0.74802728,19.83857143,0.01341541,,1.04586737,3.14517082,1484.67,1502.935,1537.3205,1537.14766667,-15.58708991,-7.18014076,-8.40694915,,1537.3205,1619.36995632,1455.27104368,26292.6,0.95171265,-0.02222296,-0.00698511,-0.00511975,0.09769742,0.16714519
2025-06-09,600519,1477.42,1458.51,1481.1,1458.08,44959,6723839138.0,1.56,-1.37,-20.28,0.36,-0.06719835,-0.02460376,-0.00069201,25325.75,1.77522877,0.16679534,0,-0.76261151,18.60785714,0.01275813,,1.26794239,3.7914422,1477.492,1494.286,1532.067,1536.5345,-18.27530449,-9.3991735,-8.87613098,,1532.067,1620.2618637,1443.8721363,29036.6,1.54835621,-0.02401633,-0.00179337,-0.01371391,0.10680573,0.16679534
2025-06-10,600519,1458.4,1447.41,1464.4,1447.2,30492,4511934584.0,1.18,-0.76,-11.1,0.24,-0.08211681,-0.04843269,-0.01505243,25613.6,1.19046132,0.16121605,0,-0.89028781,18.42928571,0.0127326,,1.57036365,5.28844922,1470.694,1486.737,1525.5925,1535.30666667,-21.05866002,-11.73107081,-9.32758921,,1525.5925,1618.79913312,1432.38586688,29339.2,1.03929214,-0.02294451,0.00107182,-0.00761051,0.10457881,0.16121605
2025-06-11,600519,1449.2,1452.4,1466.4,1448.5,30893,4585522755.0,1.24,0.34,4.99,0.25,-0.07058297,-0.04130748,-0.0101682,26095.35,1.18385076,0.16237598,0,-0.87975716,18.71642857,0.01288655,,1.36444114,4.61742344,1464.702,1480.347,1520.0775,1534.26366667,-22.60130426,-13.9051175,-8.69618677,,1520.0775,1617.0173991,1423.1376009,30916.2,0.99924958,-0.02021101,0.0027335,0.00344754,0.11483855,0.16237598
2025-06-12,600519,1452.4,1431.4,1456.27,1426.5,49904,7306800800.0,2.05,-1.45,-21.0,0.4,-0.10948805,-0.05215969,-0.04261225,26617.55,1.87485325,0.11378131,0,-1.87923294,19.77928571,0.01381814,,-0.50772758,-0.26742491,1453.702,1472.547,1511.278,1532.95083333,-25.22757763,-16.16960952,-9.05796811,,1511.278,1606.78659594,1415.76940406,36254.2,1.37650258,-0.03700215,-0.01679114,-0.01445883,0.11572178,0.11378131
2025-06-13,600519,1416.81,1399.35,1422.37,1397.46,59113,8466515559.0,1.74,-2.24,-32.05,0.47,-0.12781022,-0.12563031,-0.05711802,28336.55,2.08610434,0.12702094,0,-1.59549224,21.04357143,0.0150381,,-0.46686929,-0.5196419,1437.814,1461.242,1501.025,1529.59983333,-29.55440061,-18.84656774,-10.70783287,,1501.025,1598.445212,1403.604788,43072.2,1.37241655,-0.0537196,-0.01671744,-0.02239067,0.15252774,0.12702094
2025-06-16,600519,1373.6,1394.69,1397.44,1373.58,42888,6060448438.0,1.71,-0.33,-4.66,0.34,-0.12091798,-0.13387279,-0.07899915,29334.2,1.46204771,0.12649016,0,-1.58868575,20.76785714,0.01489066,,-0.62200859,-0.3416772,1425.05,1451.271,1491.433,1526.007,-32.97929723,-21.67311364,-11.30618359,,1491.433,1591.15546964,1391.71053036,42658,1.00539172,-0.04375698,0.00996261,-0.00333012,0.15835602,0.12649016
2025-06-17,600519,1392.4,1399.4,1399.4,1384.58,27232,3868364671.0,1.06,0.34,4.71,0.22,-0.09796439,-0.12340266,-0.04641845,28792.65,0.94579693,0.11635313,0,-1.76099708,20.74857143,0.01482676,,-0.66578785,-0.06838011,1415.448,1443.071,1483.834,1522.72366667,-34.91106186,-24.32070328,-10.59035858,,1483.834,1587.4103093,1380.2576907,42006,0.64828834,-0.03316959,0.01058739,0.00337709,0.18139164,0.11635313
2025-06-18,600519,1412.4,1397.4,1415.84,1393.41,30761,4404131364.0,1.6,-0.14,-2.0,0.24,-0.10331109,-0.13102959,-0.0530724,29354.6,1.04791072,0.11163339,0,-1.81724311,21.38928571,0.01530649,,-0.75491729,0.13444322,1404.448,1434.575,1475.784,1519.21183333,-36.18624996,-26.69381262,-9.49243734,,1475.784,1579.98314565,1371.58485435,41979.6,0.73276067,-0.03786836,-0.00469876,-0.00142918,0.1669852,0.11163339
2025-06-19,600519,1398.4,1398.4,1406.07,1389.58,24501,3490268568.0,1.18,0.07,1.0,0.2,-0.09976374,-0.1129155,-0.07176805,29589.9,0.82801902,0.11351919,0,-1.74154829,20.92428571,0.01496302,,-0.77469073,0.03398863,1397.848,1425.775,1468.0355,1516.24516667,-36.69317797,-28.69368569,-7.99949228,,1468.0355,1570.98245138,1365.08854862,36899,0.66400173,-0.02305435,0.014814,0.00071561,0.16267762,0.11351919
2025-06-20,600519,1395.98,1401.06,1413.54,1392.6,34816,4990683314.0,1.5,0.19,2.66,0.28,-0.09748776,-0.09383954,-0.07826213,30576.2,1.1386634,0.1152164,0,-1.67287238,20.29428571,0.01448495,,-0.75861549,-0.05391737,1398.19,1418.002,1460.4685,1513.827,-36.45999417,-30.24694739,-6.21304679,,1460.4685,1559.47834986,1361.45865014,32039.6,1.08665526,0.001222,0.02427635,0.00190217,0.04227067,0.1152164
2025-06-23,600519,1392.4,1392.4,1405.4,1377.58,26723,3794012343.0,1.99,-0.62,-8.66,0.21,-0.09877023,-0.10479619,-0.07144239,30835.5,0.86663099,0.11527308,0,-1.637367,21.06857143,0.01513112,,-0.72523992,-0.09640803,1397.732,1411.391,1452.8385,1511.11033333,-36.55262802,-31.50808351,-5.04454451,,1452.8385,1547.85918745,1357.81781255,28806.6,0.92766935,-0.00164194,-0.00286394,-0.00618103,0.05900377,0.11527308
2025-06-24,600519,1395.75,1409.6,1424.08,1395.75,36312,5229183514.0,2.03,1.24,17.2,0.29,-0.07439753,-0.08934686,-0.05674518,31296.75,1.16024827,0.12560297,0,-1.41538137,22.33142857,0.01584239,,-0.40325417,0.60939178,1399.772,1407.61,1447.1735,1508.80533333,-34.83657046,-32.1737809,-2.66278956,,1447.1735,1538.02506437,1356.32193563,30622.6,1.18579089,0.00728884,0.00893078,0.01235277,0.10828875,0.12560297
2025-06-25,600519,1411.51,1408.26,1421.6,1392.91,41050,5869292227.0,2.04,-0.1,-1.34,0.33,-0.07125239,-0.09050633,-0.06043967,32461.65,1.26456911,0.12599582,0,-1.38655798,23.395,0.0166127,,-0.46774661,0.60465806,1401.944,1403.196,1441.7715,1506.46966667,-33.20197755,-32.37942023,-0.82255732,,1441.7715,1528.04973712,1355.49326288,32680.4,1.25610458,0.00777158,0.00048274,-0.00095062,0.10753164,0.12599582
2025-06-26,600519,1415.0,1420.0,1428.0,1410.08,34860,4955829982.0,1.27,0.83,11.74,0.28,-0.05922883,-0.09055975,-0.06036183,33391.35,1.04398295,0.13290123,0,-1.23848816,23.66428571,0.01666499,,-0.48355426,0.24775763,1406.264,1402.056,1437.3015,1504.113,-30.60641926,-32.02482004,1.41840078,,1437.3015,1517.90377717,1356.69922283,34752.2,1.00310196,0.01544622,0.00767465,0.00833653,0.116927,0.13290123
2025-06-27,600519,1420.01,1403.09,1423.0,1403.09,38250,5404312675.0,1.4,-1.19,-16.91,0.3,-0.07227585,-0.09920327,-0.06610091,34210.85,1.11806634,0.1350997,0,-1.18134334,23.44214286,0.01670751,,-0.26617603,-0.07758142,1406.67,1402.43,1431.836,1501.53766667,-29.57301696,-31.53445942,1.96144246,,1431.836,1505.52476495,1358.14723505,35439,1.07931939,0.0014489,-0.01399732,-0.01190845,0.15923342,0.1350997
2025-06-30,600519,1403.5,1409.52,1413.23,1402.0,30457,4287373691.0,0.8,0.46,6.43,0.24,-0.05679872,-0.08078779,-0.06043901,34171.75,0.89129178,0.13451241,0,-1.17669554,23.01571429,0.01632876,,-0.48733629,0.1425892,1410.094,1403.913,1427.592,1499.473,-27.91342237,-30.81025201,2.89682964,,1427.592,1495.6727275,1359.5112725,36185.8,0.84168375,0.01229532,0.01084641,0.00458274,0.14954695,0.13451241
2025-07-01,600519,1409.0,1405.1,1411.94,1403.31,19878,2794423203.0,0.61,-0.31,-4.42,0.16,-0.05150533,-0.08068463,-0.06412144,33716.7,0.58955948,0.13276136,0,-1.19326127,22.27571429,0.01585347,,-0.59814177,0.41302905,1409.194,1404.483,1423.777,1497.41766667,-26.64766111,-29.97773383,3.33007272,,1423.777,1487.57880763,1359.97519237,32899,0.60421289,-0.0031924,-0.01548771,-0.00313582,0.12325909,0.13276136
2025-07-02,600519,1409.5,1409.6,1414.8,1400.0,26218,3689246316.0,1.05,0.32,4.5,0.21,-0.04908389,-0.07349713,-0.05863497,33877.2,0.77391284,0.13389691,0,-1.1569214,21.20642857,0.01504429,,-0.61778571,0.33964741,1409.462,1405.703,1420.139,1495.554,-24.99331641,-28.98085035,3.98753393,,1420.139,1477.886188,1362.391812,29932.6,0.87590119,0.00095153,0.00414392,0.00320262,0.12604207,0.13389691
2025-07-03,600519,1412.0,1415.6,1422.69,1408.0,24413,3456733002.0,1.04,0.43,6.0,0.19,-0.04763186,-0.08154261,-0.05399626,33937.15,0.71935917,0.1347936,0,-1.12578676,19.83142857,0.0140092,,-0.61986762,0.2828143,1408.582,1407.423,1416.599,1493.45933333,-22.9337208,-27.77142444,4.83770363,,1416.599,1465.19931315,1367.99868685,27843.2,0.87680295,-0.00309859,-0.00405012,0.00425653,0.11203006,0.1347936
2025-07-04,600519,1415.7,1422.22,1431.89,1410.01,28767,4086547268.0,1.55,0.47,6.62,0.23,-0.03825425,-0.03408041,-0.02614352,34124.35,0.84300507,0.13664719,0,-1.07563708,19.55357143,0.01374863,,-0.75050497,0.29627916,1412.408,1409.539,1413.7705,1492.623,-20.53063341,-26.32326623,5.79263282,,1413.7705,1452.7666442,1374.7743558,25946.6,1.10870018,0.01363419,0.01673278,0.00467646,0.05275853,0.13664719
2025-07-07,600519,1422.28,1410.7,1423.5,1410.01,23855,3370562659.0,0.95,-0.81,-11.52,0.19,-0.03278003,-0.07031765,-0.02535581,33069.15,0.7213672,0.13157583,0,-1.15001304,19.45857143,0.01379356,,-0.80914488,0.7742113,1412.644,1411.369,1411.38,1490.84466667,-19.33287966,-24.92518892,5.59230926,,1411.38,1444.2011639,1378.5588361,24626.2,0.96868376,0.00083716,-0.01279703,-0.00810001,0.08892762,0.13157583
2025-07-08,600519,1410.71,1416.11,1420.0,1410.7,18674,2643302691.0,0.66,0.38,5.41,0.15,-0.02162483,-0.06431045,0.00262673,32478.25,0.5749694,0.13094943,0,-1.14223883,18.52071429,0.01307858,,-1.0131667,1.15898785,1414.846,1412.02,1409.815,1489.2225,-17.74258393,-23.48866792,5.74608399,,1409.815,1438.06972219,1381.56027781,24385.4,0.76578609,0.00783574,0.00699858,0.00383498,0.08628352,0.13094943
2025-07-09,600519,1415.0,1418.88,1429.97,1414.17,27745,3950810723.0,1.12,0.2,2.77,0.22,-0.02307904,-0.0673853,0.0044457,32320.85,0.85842421,0.13037427,0,-1.13365363,18.47142857,0.01301832,,-1.00313881,1.19151765,1416.702,1413.082,1408.139,1487.51383333,-16.07346239,-22.00562681,5.93216443,,1408.139,1428.68203201,1387.59596799,24690.8,1.1236979,0.00658343,-0.00125231,0.00195606,0.08524893,0.13037427
2025-07-10,600519,1418.97,1426.5,1436.18,1410.4,38725,5503329754.0,1.82,0.54,7.62,0.31,-0.00342322,-0.07453062,0.00819846,31761.9,1.21922807,0.12224253,0,-1.25862097,18.81714286,0.01319113,,-1.31041223,2.66757178,1418.882,1413.732,1407.894,1485.59916667,-13.97470947,-20.39944335,6.42473387,,1407.894,1427.35747986,1388.43052014,27553.2,1.40546289,0.00769992,0.00111649,0.00537043,0.08798516,0.12224253
2025-07-11,600519,1423.16,1427.0,1458.0,1423.16,57243,8239010390.0,2.44,0.04,0.5,0.46,0.01975917,-0.06388785,0.00748376,31668.4,1.80757474,0.08965963,0,-1.79891723,19.31857143,0.01353789,,-0.42762715,0.60638014,1419.838,1416.123,1409.2765,1483.976,-12.1312454,-18.74580376,6.61455836,,1409.2765,1430.06739707,1388.48560293,33248.4,1.72167683,0.00336094,-0.00433897,0.00035051,0.08354107,0.08965963
2025-07-14,600519,1430.0,1423.6,1434.98,1421.6,27781,3961736006.0,0.94,-0.24,-3.4,0.22,0.02072862,-0.06978568,0.01079239,30913.05,0.89868195,0.08911499,0,-1.76915131,18.01142857,0.01265203,,-0.44964662,0.71084785,1422.418,1417.531,1410.722,1482.196,-10.8199132,-17.16062565,6.34071244,,1410.722,1431.26130209,1390.18269791,34033.6,0.81628156,0.0091444,0.00578345,-0.00238262,0.0479567,0.08911499
2025-07-15,600519,1420.98,1411.0,1422.93,1408.32,35406,5005150165.0,1.03,-0.89,-12.6,0.28,0.00828927,-0.07872314,-0.00379842,31321.75,1.13039661,0.09522512,0,-1.63461527,17.05357143,0.01208616,,-0.29325215,0.01977387,1421.396,1418.121,1411.302,1480.1865,-10.67434053,-15.86336862,5.18902809,,1411.302,1431.13822693,1391.46577307,37380,0.94719101,-0.00360848,-0.01275287,-0.0088508,0.08484866,0.09522512
2025-07-16,600519,1410.01,1411.03,1417.49,1409.95,21286,3006882579.0,0.53,0.0,0.03,0.17,0.00975383,-0.08517246,-0.02344107,30848,0.69002853,0.09498842,0,-1.60823098,16.18214286,0.01146832,,-0.3341164,0.07350771,1419.826,1418.264,1411.9835,1477.997,-10.4362498,-14.77794486,4.34169506,,1411.9835,1430.71444852,1393.25255148,36088.2,0.58983269,-0.00553253,-0.00192406,0.00002126,0.08208353,0.09498842
2025-07-17,600519,1413.98,1416.35,1423.01,1412.88,23106,3273100406.0,0.72,0.38,5.32,0.18,0.0128361,-0.07929976,-0.01892399,30778.25,0.75072494,0.09569558,0,-1.57107618,15.61571429,0.01102532,,-0.40192465,0.01916733,1417.796,1418.339,1412.881,1475.96383333,-9.70639239,-13.76363436,4.05724197,,1412.881,1430.56224061,1395.19975939,32964.4,0.70093798,-0.00711532,-0.00158278,0.0037703,0.07458254,0.09569558
2025-07-18,600519,1420.0,1437.0,1437.81,1416.38,41823,5984949774.0,1.51,1.46,20.65,0.33,0.02565201,-0.05671524,0.01284202,31128.6,1.34355544,0.10771288,0,-1.35025264,16.34642857,0.01137539,,-0.08915535,-0.07197747,1419.796,1419.817,1414.678,1474.52383333,-7.37665918,-12.48623933,5.10958015,,1414.678,1434.4790139,1394.8769861,29880.4,1.39968006,0.00700771,0.01412303,0.01457973,0.13761647,0.10771288
2025-07-21,600519,1436.99,1443.0,1446.8,1435.0,26203,3779891829.0,0.82,0.42,6.0,0.21,0.03634013,-0.05140678,0.01110605,31102.6,0.84246976,0.10440934,0,-1.38649661,16.57285714,0.011485,,-0.27027264,0.32462228,1423.676,1423.047,1417.208,1473.2205,-4.98867266,-10.98672599,5.99805334,,1417.208,1437.93270745,1396.48329255,29564.8,0.88629045,0.01362742,0.00661971,0.00417537,0.13400548,0.10440934
2025-07-22,600519,1444.0,1464.98,1466.6,1440.68,42119,6127636851.0,1.8,1.52,21.98,0.34,0.03928774,-0.03897927,0.01228579,31392.95,1.34167066,0.10867963,0,-1.29715428,17.36714286,0.01185487,,-0.0825186,0.41865348,1434.472,1427.934,1419.977,1472.23016667,-1.30750176,-9.05088115,7.74337939,,1419.977,1449.39637858,1390.55762142,30907.4,1.36274808,0.03825656,0.02462913,0.01523216,0.10963433,0.10867963
2025-07-23,600519,1469.0,1475.5,1495.0,1468.95,45045,6676301462.0,1.78,0.72,10.52,0.36,0.04774686,-0.03223691,0.02426157,31592.7,1.42580406,0.10962918,0,-1.26408403,18.46214286,0.01251247,,-0.24713836,0.34814637,1447.366,1433.596,1423.339,1471.411,2.43070907,-6.7545631,9.18527218,,1423.339,1461.26018913,1385.41781087,35659.2,1.26320837,0.04569003,0.00743347,0.00718099,0.08835276,0.10962918
2025-07-24,600519,1476.0,1491.5,1499.0,1475.0,38804,5786337377.0,1.63,1.08,16.0,0.31,0.05035211,-0.0202969,0.05525683,31789.9,1.22063926,0.11178292,0,-1.21184461,18.61357143,0.01247977,,-0.22591462,0.18920152,1462.396,1440.096,1426.914,1470.896,6.60815962,-4.08201856,10.69017818,,1426.914,1475.49326627,1378.33473373,38798.8,1.00013402,0.05305892,0.00736889,0.01084378,0.07535164,0.11178292
2025-07-25,600519,1491.4,1455.0,1491.4,1453.0,41911,6140078741.0,2.57,-2.45,-36.5,0.33,0.03699691,-0.0442722,0.02797796,31972.95,1.31082681,0.13885368,0,-0.76311854,20.4,0.01402062,,-1.32895497,3.4980037,1465.996,1442.896,1429.5095,1469.77266667,6.89410339,-1.88679417,8.78089756,,1429.5095,1478.27585444,1380.74314556,38816.4,1.07972403,0.0125261,-0.04053282,-0.02447201,0.24896824,0.13885368
2025-07-28,600519,1453.0,1438.66,1454.99,1436.3,38586,5560966386.0,1.28,-1.12,-16.34,0.31,0.0206737,-0.05126616,0.02148537,32379.4,1.1916836,0.14589944,0,-0.64273036,21.07142857,0.01464657,,-1.02835421,2.03205354,1465.128,1444.402,1430.9665,1468.477,5.73609235,-0.36221686,6.09830921,,1430.9665,1478.95321276,1382.97978724,41293,0.93444409,-0.00300762,-0.01553372,-0.01123024,0.26622055,0.14589944
2025-07-29,600519,1439.6,1439.0,1448.79,1435.01,26304,3785848102.0,0.96,0.02,0.34,0.21,0.0241264,-0.05291562,0.02246001,32700.7,0.80438645,0.14510083,0,-0.64975591,20.92714286,0.01454284,,-1.10129305,2.25008441,1459.932,1447.202,1432.6615,1467.137,4.79057267,0.66834104,4.12223163,,1432.6615,1479.1733947,1386.1496053,38130,0.68985051,-0.01773403,-0.01472641,0.00023633,0.22913365,0.14510083
2025-07-30,600519,1444.0,1449.44,1457.16,1437.0,31868,4612883040.0,1.4,0.73,10.44,0.25,0.02826334,-0.04804939,0.05321901,32983.2,0.96618885,0.14653648,0,-0.61930275,20.52571429,0.01416113,,-1.12674857,2.15769847,1454.72,1451.043,1434.6535,1465.91766667,4.82800799,1.50027443,3.32773356,,1434.6535,1480.41320798,1388.89379202,35494.6,0.89782671,-0.01766181,0.00007222,0.00725504,0.22935139,0.14653648
2025-07-31,600519,1443.0,1421.67,1444.87,1418.0,51798,7386302758.0,1.85,-1.92,-27.77,0.41,0.00428793,-0.06922221,0.02629869,34352.45,1.50784005,0.16318401,0,-0.34547201,20.28285714,0.01426692,,-0.90596111,0.71155198,1440.754,1451.575,1434.957,1464.1555,2.58704697,1.71762894,0.86941803,,1434.957,1480.26288394,1389.65111606,38093.4,1.35976311,-0.04681864,-0.02915683,-0.01915912,0.20939575,0.16318401
2025-08-01,600519,1421.87,1417.0,1425.96,1414.0,29636,4200850790.0,0.84,-0.33,-4.67,0.24,-0.00367032,-0.0861543,0.00610622,34395.9,0.86161432,0.16277558,0,-0.34778466,20.18142857,0.01424236,,-0.79040991,0.58890495,1433.154,1449.575,1434.696,1461.929,0.42929065,1.45996128,-1.03067063,,1434.696,1480.36948668,1389.02251332,35638.4,0.83157493,-0.02611684,0.0207018,-0.00328487,0.16258078,0.16277558
2025-08-04,600519,1415.0,1419.0,1419.8,1414.0,18688,2647105740.0,0.41,0.14,2.0,0.15,0.0058836,-0.09246729,0.01074855,34137.55,0.54743237,0.16008072,0,-0.38684855,19.50428571,0.01374509,,-0.95928601,1.0511022,1429.222,1447.175,1435.111,1459.51933333,-1.10660722,0.94664758,-2.0532548,,1435.111,1480.01072918,1390.21127082,31658.8,0.59029401,-0.01366549,0.01245134,0.00141143,0.15792407,0.16008072
2025-08-05,600519,1421.0,1427.74,1429.94,1417.11,25342,3607931488.0,0.9,0.62,8.74,0.2,0.00821264,-0.09459065,0.02685558,34470.95,0.73516976,0.16096356,0,-0.37049647,19.88214286,0.0139256,,-0.97314171,1.01205904,1426.97,1443.451,1435.6925,1457.03333333,-1.60012711,0.43729264,-2.03741976,,1435.6925,1479.8512156,1391.5337844,31466.4,0.80536699,-0.00782488,0.00584062,0.00615927,0.17001648,0.16096356
2025-08-06,600519,1429.0,1423.88,1429.0,1419.3,23699,3372334940.0,0.68,-0.27,-3.86,0.19,0.00352391,-0.08883343,0.00599124,34268.65,0.69156503,0.16123801,0,-0.36235733,19.71928571,0.01384898,,-0.89365841,0.87617372,1421.858,1438.289,1435.9425,1454.71966667,-2.27647316,-0.10546052,-2.17101265,,1435.9425,1479.75571064,1392.12928936,29832.6,0.79439942,-0.0176344,-0.00980952,-0.00270357,0.1512898,0.16123801
2025-08-07,600519,1423.88,1422.35,1427.7,1420.06,28001,3988765795.0,0.54,-0.11,-1.53,0.22,-0.00290922,-0.1151183,-0.0105116,33732.45,0.83009091,0.16012941,0,-0.37536452,18.73214286,0.01316985,,-0.81370847,0.85800097,1421.994,1431.374,1435.735,1451.63566667,-2.90248248,-0.66486491,-2.23761757,,1435.735,1479.77522539,1391.69477461,25073.2,1.1167701,0.00047831,0.01811271,-0.00107453,0.06103508,0.16012941
2025-08-08,600519,1423.05,1420.97,1426.5,1418.0,18655,2651478118.0,0.6,-0.1,-1.38,0.15,-0.00422565,-0.11433486,-0.01826033,31803.05,0.58657896,0.16014908,0,-0.37003527,18.49642857,0.01301676,,-0.79163222,0.82988828,1422.788,1427.971,1435.4335,1448.57833333,-3.46995437,-1.2258828,-2.24407157,,1435.4335,1479.80681786,1391.06018214,22877,0.81544783,0.00280169,0.00232338,-0.00097023,0.05484224,0.16014908
2025-08-11,600519,1423.5,1445.0,1451.99,1423.0,47159,6794034090.0,2.04,1.69,24.03,0.38,0.01503231,-0.08920726,0.00067866,32771.95,1.439005,0.17088614,0,-0.19366349,18.86071429,0.0130524,,-0.71729127,0.53948897,1427.988,1428.605,1436.5035,1446.2195,-1.95808814,-1.37232387,-0.58576427,,1436.5035,1480.70708894,1392.29991106,28571.2,1.6505782,0.01832276,0.01552107,0.01691098,0.12949761,0.17088614
2025-08-12,600519,1449.0,1437.04,1465.07,1436.0,42019,6095342036.0,2.01,-0.55,-7.96,0.33,0.018455,-0.07370212,-0.00715766,33102.6,1.26935649,0.16878118,0,-0.22412456,18.79285714,0.01307748,,-0.7653293,0.7640935,1429.848,1428.409,1437.8055,1444.31383333,-1.38624892,-1.37510888,-0.01114004,,1437.8055,1480.34898189,1395.26201811,31906.6,1.31693756,0.00651379,-0.01180897,-0.00550865,0.1412913,0.16878118
2025-08-13,600519,1425.0,1420.05,1433.68,1420.0,65528,9325460101.0,0.95,-1.18,-16.99,0.52,0.00639249,-0.08877695,-0.0296228,35314.7,1.85554457,0.17479225,0,-0.12580483,18.29571429,0.01288385,,-0.60124357,0.14993147,1429.082,1425.47,1438.2565,1442.008,-2.27775666,-1.55563844,-0.72211822,,1438.2565,1479.78395358,1396.72904642,40272.4,1.62711932,-0.00268983,-0.00920362,-0.01182291,0.16967693,0.17479225
2025-08-14,600519,1420.94,1426.99,1447.51,1420.94,48129,6897535330.0,1.87,0.49,6.94,0.38,0.00751227,-0.08135859,-0.01341952,36565.85,1.31622812,0.17512451,0,-0.11840861,17.50714286,0.01226858,,-0.61240647,0.13849242,1430.01,1426.002,1438.7885,1439.90166667,-2.39665581,-1.72384191,-0.6728139,,1438.7885,1479.39675287,1398.18024713,44298,1.08648246,0.00326221,0.00595204,0.00488715,0.17362252,0.17512451
2025-08-15,600519,1426.01,1422.08,1428.66,1420.22,47582,6772436997.0,0.59,-0.34,-4.91,0.38,-0.01038274,-0.08394744,-0.02637939,36853.8,1.2911016,0.16732479,0,-0.24217632,16.77428571,0.0117956,,-0.56073215,0.34345304,1430.232,1426.51,1438.0425,1437.72966667,-2.85417902,-1.94990933,-0.90426968,,1438.0425,1479.33156667,1396.75343333,50083.4,0.95005531,0.00078116,-0.00248105,-0.00344081,0.17598896,0.16732479
2025-08-18,600519,1426.99,1428.5,1436.64,1423.1,47378,6773477871.0,0.95,0.45,6.42,0.38,-0.01004851,-0.07540453,-0.01582534,37912.55,1.24966535,0.16745391,0,-0.2379815,16.83,0.01178159,,-0.56361942,0.33683039,1426.932,1427.46,1437.3175,1435.788,-2.66797436,-2.09352234,-0.57445202,,1437.3175,1478.74901197,1395.88598803,50127.2,0.94515552,-0.01141869,-0.01219984,0.00451451,0.11235412,0.16745391
2025-08-19,600519,1433.5,1438.0,1446.66,1432.0,46372,6678541001.0,1.03,0.67,9.5,0.37,-0.01841663,-0.0557489,0.00813236,38125.2,1.21630837,0.15936882,0,-0.3643916,16.68714286,0.01160441,,-0.71353565,0.60733542,1427.124,1428.486,1435.9685,1434.373,-1.73384849,-2.02158757,0.28773908,,1435.9685,1475.31196533,1396.62503467,50997.8,0.90929413,0.00066804,0.01208672,0.00665033,0.12296038,0.15936882
2025-08-20,600519,1438.0,1450.0,1452.8,1430.02,45805,6623095725.0,1.58,0.83,12.0,0.36,-0.01728228,-0.04372486,0.01228,38163.2,1.20024002,0.16020112,0,-0.34724622,16.06857143,0.01108177,,-0.7068279,0.56273722,1433.114,1431.098,1434.6935,1433.268,-0.02495958,-1.62226197,1.59730239,,1434.6935,1470.09851081,1399.28848919,47053.2,0.97347258,0.02109081,0.02042277,0.00834492,0.07193499,0.16020112
2025-08-21,600519,1453.45,1448.25,1454.99,1443.65,30891,4470441662.0,0.78,-0.12,-1.75,0.25,-0.02899765,-0.04051279,-0.00665999,37767.55,0.81792438,0.15415856,0,-0.44019126,16.02428571,0.01106459,,-0.68754433,0.85170144,1437.366,1433.688,1432.531,1432.24883333,1.17459679,-1.06289022,2.23748701,,1432.531,1456.8856921,1408.1763079,43605.6,0.70841818,0.01489849,-0.00619231,-0.0012069,0.08069696,0.15415856
2025-08-22,600519,1448.88,1463.95,1464.0,1444.77,44971,6544867368.0,1.33,1.08,15.7,0.36,0.0061512,-0.03203518,-0.0062721,37920.55,1.18592689,0.13374817,0,-0.75956487,16.98357143,0.0116012,,-0.38470559,0.52417946,1445.74,1437.986,1432.9785,1431.44133333,3.3534561,-0.17962096,3.53307705,,1432.9785,1459.31942216,1406.63757784,43083.4,1.0438127,0.02944279,0.0145443,0.01084067,0.07246544,0.13374817
2025-08-25,600519,1470.01,1490.33,1496.0,1466.0,65325,9676719498.0,2.05,1.8,26.38,0.52,0.03591537,-0.0027235,0.02117965,39257.5,1.66401325,0.1403247,0,-0.64642134,18.35642857,0.01231702,,-0.29090854,0.76941613,1458.106,1442.519,1435.562,1431.3735,7.12671104,1.28164544,5.8450656,,1435.562,1472.3234945,1398.8005055,46672.8,1.39963748,0.04328316,0.01384038,0.01801974,0.1104873,0.1403247
2025-08-26,600519,1490.32,1481.61,1494.23,1480.01,39602,5883917000.0,0.95,-0.59,-8.72,0.32,0.02961084,0.00014176,0.02710553,39922.4,0.99197443,0.14286672,0,-0.59797964,18.67928571,0.01260742,,-0.19854168,0.46597749,1466.828,1446.976,1437.6925,1431.377,9.3061363,2.88654361,6.41959268,,1437.6925,1479.83762115,1395.54737885,45318.8,0.87385368,0.03032684,-0.01295632,-0.00585105,0.1518045,0.14286672
2025-08-27,600519,1481.88,1448.0,1484.93,1448.0,56006,8184169113.0,2.49,-2.27,-33.61,0.45,-0.00099349,-0.02317925,0.0064152,41129.3,1.36170565,0.16472311,0,-0.24692758,20.77142857,0.01434491,,-0.3953887,0.3976255,1466.428,1449.771,1437.6205,1430.80433333,8.22647077,3.95452905,4.27194173,,1437.6205,1479.68596401,1395.55503599,47359,1.18258409,-0.00137931,-0.03170615,-0.02268478,0.25003815,0.16472311
2025-08-28,600519,1447.97,1446.1,1456.1,1438.77,39282,5683673273.0,1.2,-0.13,-1.9,0.31,0.01718402,-0.02711249,-0.02183471,40503.5,0.96984211,0.14858005,0,-0.49834098,21.40214286,0.01479991,,-0.35603277,1.23215874,1465.998,1451.682,1438.842,1430.13266667,7.13526307,4.59067585,2.54458722,,1438.842,1480.37266773,1397.31133227,49037.2,0.80106531,-0.00148455,-0.00010524,-0.00131215,0.25006659,0.14858005
2025-08-29,600519,1453.0,1480.0,1482.58,1452.0,62256,9159701454.0,2.11,2.34,33.9,0.5,0.04446013,0.00081824,-0.00897281,42134.5,1.47755402,0.16767264,0,-0.1900288,21.79214286,0.01472442,,-0.09927605,0.83118897,1469.208,1457.474,1441.992,1430.15283333,8.90328823,5.45319833,3.4500899,,1441.992,1486.02844596,1397.95555404,52494.2,1.18595959,0.01096349,0.01244804,0.02344236,0.296755,0.16767264
2025-09-01,600519,1482.2,1476.1,1488.0,1465.7,45123,6658918555.0,1.51,-0.26,-3.9,0.36,0.04023961,0.01206025,-0.01284023,43456.25,1.03835467,0.16854772,0,-0.17311976,21.30857143,0.01443572,,-0.03980978,0.73757508,1466.362,1462.234,1444.847,1430.446,9.87592004,6.33774267,3.53817737,,1444.847,1489.99691128,1399.69708872,48453.8,0.93125823,-0.00954822,-0.02051171,-0.00263514,0.2621334,0.16854772
2025-09-02,600519,1478.66,1491.3,1509.0,1478.0,56688,8470012816.0,2.1,1.03,15.2,0.45,0.04451791,0.03032313,-0.01957819,45023.55,1.25907442,0.17052152,0,-0.13894399,22.44142857,0.01504823,,-0.07930374,0.57125367,1468.3,1467.564,1448.025,1431.1775,11.73794302,7.41778274,4.32016028,,1448.025,1496.89902044,1399.15097956,51871,1.09286499,0.00654018,0.0160884,0.01029741,0.27134987,0.17052152
2025-09-03,600519,1491.0,1480.55,1503.5,1466.0,45045,6656011145.0,2.51,-0.72,-10.75,0.36,0.0397997,0.01938171,-0.02272637,46090.85,0.97730895,0.17298391,0,-0.0978928,23.15857143,0.01564187,,-0.03966971,0.37228295,1474.81,1470.619,1450.8585,1431.64666667,12.20547735,8.37532166,3.83015569,,1450.8585,1500.40486755,1401.31213245,49678.8,0.9067248,0.02247928,0.0159391,-0.00720848,0.19670964,0.17298391
2025-09-04,600519,1472.0,1472.66,1479.3,1460.47,47747,7017084750.0,1.27,-0.53,-7.89,0.38,0.03537104,0.02882493,-0.02483826,47078.15,1.01420723,0.17464129,0,-0.07050366,23.99,0.01629025,,0.00984212,0.23761845,1480.122,1473.06,1453.374,1432.33433333,11.8032837,9.06091407,2.74236963,,1453.374,1501.92460969,1404.82339031,51371.8,0.92943989,0.01836664,-0.00411264,-0.0053291,0.2060538,0.17464129
2025-09-05,600519,1471.0,1483.0,1486.97,1464.0,37388,5519312163.0,1.56,0.7,10.34,0.3,0.04365328,0.05977775,-0.07336245,48014.8,0.77867657,0.17526461,0,-0.04805445,24.59071429,0.01658174,,-0.10383918,0.19529294,1480.722,1474.965,1456.4755,1433.7285,12.17850767,9.68443279,2.49407488,,1456.4755,1504.22884145,1408.72215855,46398.2,0.80580712,0.00202703,-0.01633961,0.00702131,0.12340315,0.17526461
2025-09-08,600519,1483.0,1501.23,1506.44,1477.5,51383,7682065696.0,1.95,1.23,18.23,0.41,0.03891349,0.07638974,-0.06770956,48226,1.06546261,0.17083265,0,-0.10710572,25.36071429,0.01689329,,-0.14180036,0.3828093,1485.748,1476.055,1459.287,1435.50416667,13.78794517,10.50513527,3.2828099,,1459.287,1510.67817315,1407.89582685,47650.2,1.07833755,0.01702459,0.01499756,0.01229265,0.14386,0.17083265
2025-09-09,600519,1505.0,1505.0,1509.95,1493.42,35743,5366650005.0,1.1,0.25,3.77,0.29,0.04729166,0.07546091,-0.05725382,47912.2,0.74601041,0.16853534,0,-0.13142484,24.91428571,0.01655434,,-0.25322971,0.61883096,1488.488,1478.394,1462.685,1437.26416667,15.19251363,11.44261094,3.74990269,,1462.685,1516.79759509,1408.57240491,43461.2,0.82241171,0.00918662,-0.00783798,0.00251127,0.13037984,0.16853534
2025-09-10,600519,1506.66,1522.01,1529.95,1496.0,49663,7541460049.0,2.26,1.13,17.01,0.4,0.07180029,0.08917275,-0.05354111,47118.95,1.05399208,0.16259809,0,-0.21616704,26.52928571,0.01743043,,-0.46566252,1.19058313,1496.78,1485.795,1467.783,1439.341,17.47674802,12.64943835,4.82730967,,1467.783,1524.14786741,1411.41813259,44384.8,1.11891909,0.02800311,0.01881649,0.01130233,0.11455675,0.16259809
2025-09-11,600519,1522.01,1523.5,1526.02,1508.5,37239,5642778456.0,1.15,0.1,1.49,0.3,0.06763187,0.08945938,-0.03355747,46574.45,0.79955856,0.16275488,0,-0.19960031,26.40714286,0.01733321,,-0.40180941,1.13180265,1506.948,1493.535,1472.6085,1441.426,19.18608553,13.95676779,5.22931774,,1472.6085,1530.76500039,1414.45199961,42283.2,0.88070439,0.03452256,0.00651946,0.00097897,0.08046216,0.16275488
2025-09-12,600519,1526.0,1516.0,1538.02,1510.53,33722,5132184935.0,1.8,-0.49,-7.5,0.27,0.0660441,0.08203789,-0.01950005,45881.45,0.73498113,0.16365485,0,-0.16901376,26.08142857,0.01720411,,-0.38468118,1.03202114,1513.548,1497.135,1477.3045,1443.34166667,19.70837463,15.10708916,4.60128547,,1477.3045,1533.41340293,1421.19559707,41550,0.81160048,0.02225219,-0.01227037,-0.00492287,0.11560018,0.16365485
2025-09-15,600519,1515.87,1515.1,1517.48,1501.5,25827,3901929718.0,1.05,-0.06,-0.9,0.21,0.06062303,0.08812123,-0.02590973,44803.9,0.57644535,0.16413651,0,-0.14501164,26.20714286,0.0172973,,-0.30206517,0.9380737,1516.322,1501.035,1481.6345,1445.38666667,19.82118376,16.04990808,3.77127568,,1481.6345,1535.19339094,1428.07560906,36438.8,0.70877746,0.00923909,-0.0130131,-0.00059367,0.09471165,0.16413651
2025-09-16,600519,1515.1,1499.98,1520.99,1496.21,32718,4928374478.0,1.64,-1.0,-15.12,0.26,0.04310153,0.06411748,-0.03095807,44121.2,0.74154828,0.16974733,0,-0.03090971,25.33928571,0.01689308,,-0.12020659,0.43451304,1515.318,1501.903,1484.7335,1446.893,18.4775307,16.5354326,1.94209809,,1484.7335,1534.71485875,1434.75214125,35833.8,0.91304857,-0.00333555,-0.01257464,-0.00997954,0.12570273,0.16974733
2025-09-17,600519,1499.99,1493.0,1510.28,1490.01,30331,4534770634.0,1.35,-0.47,-6.98,0.24,0.02965517,0.06017355,-0.03577887,43347.5,0.6997174,0.16974294,0,-0.01437108,25.54928571,0.01711272,,0.0561951,0.42525863,1509.516,1503.148,1486.8835,1448.30533333,16.65743179,16.55983244,0.09759935,,1486.8835,1534.20238697,1439.56461303,31967.4,0.94881035,-0.01906032,-0.01572477,-0.0046534,0.06795009,0.16974294
2025-09-18,600519,1492.0,1467.96,1497.8,1463.5,49721,7347477479.0,2.3,-1.68,-25.04,0.4,0.01360953,0.03377465,-0.05984373,44289,1.12264896,0.18163027,0,0.21872465,25.39357143,0.01729854,,0.03494514,-0.07019535,1498.408,1502.678,1487.869,1449.10466667,13.04410722,15.8566874,-2.81258018,,1487.869,1532.54736726,1443.19063274,34463.8,1.4427022,-0.03645553,-0.01739521,-0.0167716,0.09865398,0.18163027
2025-09-19,600519,1467.99,1467.97,1475.5,1457.01,32637,4784528851.0,1.26,0.0,0.01,0.26,0.002746,0.0462408,-0.05754971,43672.3,0.7473158,0.17766595,0,0.16423916,25.12142857,0.01711304,,0.15577806,0.2199428,1488.802,1501.175,1488.07,1450.186,10.06530184,14.69841029,-4.63310844,,1488.07,1532.3294908,1443.8105092,34246.8,0.95299415,-0.03168206,0.00477347,0.00000681,0.11174192,0.17766595
2025-09-22,600519,1465.09,1453.35,1467.97,1450.01,34947,5085057536.0,1.22,-1.0,-14.62,0.28,-0.0248133,0.03109569,-0.05220425,42153.4,0.82904345,0.16793089,0,0.00031154,24.05428571,0.01655092,,0.29655613,0.69898309,1476.452,1496.387,1486.221,1450.9165,6.45050787,13.0488298,-6.59832194,,1486.221,1533.09548364,1439.34651636,36070.8,0.96884461,-0.04075639,-0.00907433,-0.00995933,0.10028588,0.16793089
2025-09-23,600519,1450.5,1447.42,1457.5,1440.0,38663,5588384388.0,1.2,-0.41,-5.93,0.31,-0.02307625,0.03011885,-0.0529959,42106.45,0.91822037,0.16739753,0,0.00810573,22.62571429,0.01563175,,0.27523228,0.73892983,1465.94,1490.629,1484.5115,1451.62183333,3.07184583,11.05343301,-7.98158718,,1484.5115,1534.48536739,1434.53763261,37259.8,1.03765989,-0.03504047,0.00571592,-0.00408023,0.10267229,0.16739753
2025-09-24,600519,1434.07,1442.0,1456.78,1434.07,30744,4443052872.0,1.57,-0.37,-5.42,0.25,-0.00414365,0.02298524,-0.05220123,40843.35,0.75272964,0.1473242,0,-0.3680007,22.81357143,0.01582078,,0.79537049,0.99698676,1455.74,1482.628,1484.2115,1452.16183333,-0.04262552,8.8342213,-8.87684682,,1484.2115,1535.17057182,1433.25242818,37342.4,0.82330006,-0.03415941,0.00088106,-0.00374459,0.10422291,0.1473242
2025-09-25,600519,1442.83,1439.0,1445.21,1436.0,33870,4873274661.0,0.64,-0.21,-3.0,0.27,-0.00490976,0.01653009,-0.06636043,40572.75,0.83479675,0.14742862,0,-0.35200459,21.83071429,0.01517075,,0.80706753,1.00061634,1449.948,1474.178,1483.8565,1452.55183333,-2.72156888,6.52306327,-9.24463214,,1483.8565,1536.01819406,1431.69480594,34172.2,0.99115655,-0.01972806,0.01443135,-0.00208044,0.05903551,0.14742862
2025-09-26,600519,1441.18,1435.0,1447.11,1428.01,45121,6480889597.0,1.33,-0.28,-4.0,0.36,-0.03040541,0.00898595,-0.02540071,39716,1.13609125,0.11811107,0,-0.94386573,21.12785714,0.01472325,,0.28337829,0.10040432,1443.354,1466.078,1481.6065,1452.76483333,-5.10852941,4.19674473,-9.30527414,,1481.6065,1538.16543257,1425.04756743,36669,1.23049442,-0.02245959,-0.00273153,-0.00277971,0.04979679,0.11811107
2025-09-29,600519,1439.38,1460.86,1469.99,1435.0,53684,7798434586.0,2.44,1.8,25.86,0.43,-0.0103245,0.03555682,-0.0372611,40144.05,1.33728411,0.13679652,0,-0.54817398,22.44642857,0.01536522,,0.46251439,-0.00042311,1444.856,1460.654,1480.8445,1453.60083333,-4.85753235,2.38588931,-7.24342166,,1480.8445,1538.12188397,1423.56711603,40416.4,1.32827268,0.00516737,0.02762696,0.01802091,0.15097147,0.13679652
2025-09-30,600519,1460.0,1443.99,1460.76,1440.0,39364,5687474876.0,1.42,-1.15,-16.87,0.31,-0.031724,0.01968774,-0.04588884,39277.85,1.00219335,0.13593727,0,-0.56397927,21.51142857,0.01489721,,0.65610084,0.3889021,1444.17,1455.055,1478.479,1454.0655,-5.95128072,0.71845531,-6.66973602,,1478.479,1537.80919783,1419.14880217,40556.6,0.97059418,-0.00236973,-0.00753711,-0.01154799,0.17448916,0.13593727
2025-10-09,600519,1436.0,1436.78,1439.38,1420.0,54918,7845448947.0,1.34,-0.5,-7.21,0.44,-0.02956334,0.01261558,-0.05561982,39771.5,1.38083804,0.1349436,0,-0.5882513,21.97357143,0.01529362,,0.64047773,0.45121119,1443.126,1449.433,1476.2905,1454.36383333,-7.31554191,-0.88834414,-6.42719777,,1476.2905,1538.46016716,1414.12083284,45391.4,1.20987676,-0.00361997,-0.00125024,-0.00499311,0.17620167,0.1349436
2025-10-10,600519,1437.6,1430.0,1439.94,1427.5,36001,5157459262.0,0.87,-0.47,-6.78,0.29,-0.02896799,0.00245356,-0.07225992,39184.2,0.91876317,0.13472907,0,-0.60077223,20.89857143,0.01461439,,0.63378244,0.46378095,1441.326,1445.637,1474.1575,1454.42216667,-8.84189422,-2.47905415,-6.36284007,,1474.1575,1539.6880582,1408.6269418,45817.6,0.78574609,-0.00625434,-0.00263437,-0.00471889,0.17850702,0.13472907
2025-10-13,600519,1415.7,1419.2,1422.85,1415.12,46069,6533147458.0,0.54,-0.76,-10.8,0.37,-0.0430209,-0.00546601,-0.06900465,39618.25,1.16282269,0.13251096,0,-0.65106547,20.82,0.01467024,,0.87409532,0.99758,1438.166,1440.76,1470.9675,1454.29216667,-10.79853042,-4.14294941,-6.65558102,,1470.9675,1540.75864976,1401.17635024,46007.2,1.00134327,-0.01101045,-0.00475611,-0.00755245,0.18428387,0.13251096
2025-10-14,600519,1429.99,1451.02,1464.0,1429.99,66672,9639484605.0,2.4,2.24,31.82,0.53,-0.03344591,0.01926103,-0.05186879,40382.7,1.65100402,0.15078326,0,-0.1222019,22.25,0.01533404,,1.22318542,1.67553136,1436.198,1440.527,1468.457,1454.74916667,-9.67009975,-5.24837948,-4.42172028,,1468.457,1537.2700242,1399.6439758,48604.8,1.37171637,-0.00673576,0.00427469,0.02242108,0.21476538,0.15078326
2025-10-15,600519,1450.98,1462.0,1463.0,1445.08,42785,6233407482.0,1.23,0.76,10.98,0.34,-0.02857143,0.03614458,-0.04542398,40734.8,1.05033043,0.15367712,0,-0.0173926,22.08214286,0.01510406,,1.11423221,1.20137031,1439.8,1441.985,1466.307,1455.59916667,-7.79990365,-5.75868431,-2.04121934,,1466.307,1532.96592039,1399.64807961,49289,0.86804358,0.01247239,0.01920814,0.00756709,0.19951194,0.15367712
2025-10-16,600519,1461.92,1484.91,1484.95,1458.88,45730,6749162949.0,1.78,1.57,22.91,0.37,-0.02437566,0.05235892,-0.03727308,40538.15,1.12807319,0.15915181,0,0.17164015,21.49428571,0.01447514,,1.10034917,0.88096053,1449.426,1446.276,1464.452,1456.8305,-4.41818415,-5.49058428,1.07240013,,1464.452,1526.48871633,1402.41528367,47451.4,0.96372288,0.03349852,0.02102613,0.01567031,0.20420373,0.15915181
2025-10-17,600519,1483.1,1455.0,1488.0,1454.03,38086,5594724900.0,2.29,-2.01,-29.91,0.3,-0.04496226,0.02728845,-0.05417528,40580.5,0.93852959,0.17244611,0,0.61095612,22.6,0.01553265,,0.87886754,0.68163847,1454.426,1447.876,1461.027,1457.47466667,-4.10432204,-5.21333183,1.10900979,,1461.027,1516.56019315,1405.49380685,47868.4,0.79563971,0.01748252,-0.016016,-0.02014263,0.27538416,0.17244611
2025-10-20,600519,1455.0,1457.93,1469.5,1454.88,25950,3793283759.0,1.0,0.2,2.93,0.21,-0.03830475,0.01456507,-0.04297624,40191.9,0.64565248,0.17277323,0,0.65160589,22.36142857,0.01533779,,0.77199344,0.52126198,1462.172,1450.169,1458.1235,1457.8235,-3.57791359,-4.88624818,1.30833459,,1458.1235,1507.25843399,1408.98856601,43844.6,0.59186308,0.02729002,0.00980751,0.00201375,0.2588725,0.17277323
2025-10-21,600519,1459.0,1462.26,1469.94,1455.5,25443,3727984130.0,0.99,0.3,4.33,0.2,-0.03487559,0.01334719,-0.03874573,40172.7,0.63334055,0.17359034,0,0.70965421,22.14285714,0.0151429,,0.71187408,0.3886608,1464.42,1450.309,1455.4815,1458.1445,-2.77929827,-4.4648582,1.68555993,,1455.4815,1496.77335992,1414.18964008,35598.8,0.7147151,0.00774628,-0.01954375,0.00296996,0.2112516,0.17359034
2025-10-22,600519,1462.08,1458.7,1465.73,1456.0,18195,2657486636.0,0.67,-0.24,-3.56,0.15,-0.02752037,-0.00428675,-0.04309892,39446.55,0.46125707,0.17087175,0,0.65271627,21.21571429,0.01454426,,0.65595643,0.49586509,1463.76,1451.78,1453.4175,1458.03983333,-2.40591819,-4.0530702,1.64715201,,1453.4175,1489.08814066,1417.74685934,30680.8,0.5930419,-0.00225718,-0.01000346,-0.00243459,0.20535071,0.17087175
2025-10-23,600519,1455.0,1467.98,1468.8,1447.2,29322,4274652090.0,1.48,0.64,9.28,0.23,-0.0167582,-0.00509658,-0.03716919,39396.1,0.74428687,0.1725041,0,0.74384148,22.10071429,0.01505519,,0.4908889,0.21878699,1460.374,1454.9,1452.1665,1457.9145,-1.34568117,-3.51159239,2.16591122,,1452.1665,1483.48108868,1420.85191132,27399.2,1.07017723,-0.01140136,-0.00914418,0.00636183,0.16645001,0.1725041
2025-10-24,600519,1467.95,1450.0,1478.88,1449.34,38226,5578603148.0,2.01,-1.22,-17.98,0.31,-0.01223467,-0.02782434,-0.04755649,38821.35,0.98466437,0.16762361,0,0.60806962,22.84642857,0.01575616,0.74774038,0.59167102,0.33055776,1459.374,1456.9,1451.2685,1457.22283333,-1.93397773,-3.19606946,1.26209173,,1451.2685,1481.69355012,1420.84344988,27427.2,1.39372594,-0.00343643,0.00796494,-0.01224812,0.11421516,0.16762361
2025-10-27,600519,1440.0,1440.41,1452.49,1435.99,37102,5352667152.0,1.14,-0.66,-9.59,0.3,-0.01877423,-0.01002749,-0.05385575,39044.6,0.95024664,0.16896739,0,0.69357625,21.52571429,0.01494416,0.74472128,0.67061481,0.31154946,1455.87,1459.021,1449.8905,1456.97966667,-3.13786846,-3.18442926,0.0465608,,1449.8905,1479.61904979,1420.16195021,29657.6,1.25101155,-0.01201704,-0.00858061,-0.00661379,0.11782176,0.16896739
2025-10-28,600519,1442.0,1445.0,1451.2,1441.1,27124,3923817140.0,0.7,0.32,4.59,0.22,-0.00574535,0.00440688,-0.0470852,38653.45,0.70172261,0.1660304,0,0.61858415,20.80642857,0.01439891,0.74472128,0.5386186,0.35242383,1452.418,1458.419,1449.473,1457.08533333,-3.67917466,-3.28337834,-0.39579632,,1449.473,1479.23149961,1419.71450039,29993.8,0.90432023,-0.01180365,0.00021339,0.00318659,0.11845132,0.1660304
2025-10-29,600519,1440.02,1431.9,1446.55,1430.04,33937,4868780319.0,1.14,-0.91,-13.1,0.27,-0.01072253,-0.00493398,-0.05758852,38417.15,0.88338151,0.16848628,0,0.74877815,20.27214286,0.01415751,0.76583018,0.56282037,0.22456445,1447.058,1455.409,1448.697,1456.967,-5.10636129,-3.64797493,-1.45838636,,1448.697,1479.4729353,1417.9210647,33142.2,1.02398151,-0.01837252,-0.00656888,-0.00906574,0.12774158,0.16848628
2025-10-30,600519,1421.81,1426.74,1436.63,1421.81,47456,6768821311.0,1.03,-0.36,-5.16,0.38,-0.01058252,-0.01566122,-0.0629581,39252.75,1.20898536,0.16845085,0,0.78723162,20.44214286,0.01432787,0.75114162,0.56117166,0.22578218,1438.81,1449.592,1447.934,1456.58866667,-6.57795923,-4.23397179,-2.34398744,,1447.934,1480.13278415,1415.73521585,36769,1.29065245,-0.02809303,-0.0097205,-0.0036036,0.09337758,0.16845085
2025-10-31,600519,1422.0,1430.01,1435.98,1420.11,35694,5109623861.0,1.11,0.23,3.27,0.29,-0.00624739,0.00586634,-0.06376195,39343.95,0.9072297,0.16861427,0,0.83152928,20.51285714,0.01434456,0.77377058,0.49216201,0.15796229,1434.812,1447.093,1447.4845,1456.72766667,-7.39510338,-4.86619811,-2.52890527,,1447.4845,1480.45028927,1414.51871073,36262.6,0.98431993,-0.01378621,0.01430682,0.00229194,0.08556413,0.16861427
2025-11-03,600519,1431.0,1435.0,1448.0,1420.1,34548,4945310830.0,1.95,0.35,4.99,0.28,0,0.01270289,-0.07454582,38815.3,0.89006139,0.16883998,0.36107414,0.83000335,19.30571429,0.01345346,0.73448229,0.39526102,0.07440548,1433.73,1444.8,1447.4845,1457.02766667,-7.55297867,-5.40355422,-2.14942445,,1447.4845,1480.45028927,1414.51871073,35751.8,0.96632897,-0.00375588,0.01003033,0.00348949,0.08695463,0.16883998
2025-11-04,600519,1435.1,1429.0,1435.78,1423.78,26566,3793892903.0,0.84,-0.42,-6.0,0.21,-0.02180907,0.00704722,-0.08607171,37459.4,0.70919449,0.15535841,0.15389678,0.26136103,18.88285714,0.01321404,0.73696446,0.52055062,0.8690692,1430.53,1441.474,1445.8915,1457.19433333,-8.06922879,-5.93668913,-2.13253965,,1445.8915,1479.21306013,1412.56993987,35640.2,0.74539425,-0.01107266,-0.00731679,-0.00418118,0.08155714,0.15535841
2025-11-05,600519,1425.89,1420.08,1430.99,1420.01,34475,4908475373.0,0.77,-0.62,-8.92,0.28,-0.01655829,-0.00536512,-0.09944828,37214.95,0.92637502,0.15170474,0.09774921,0.09366048,17.805,0.01253803,0.73696446,0.53454934,1.13099213,1428.166,1437.612,1444.696,1457.06666667,-9.09330818,-6.56801294,-2.52529524,,1444.696,1479.96364935,1409.42835065,35747.8,0.96439501,-0.00825477,0.0028179,-0.00624213,0.06793858,0.15170474
2025-11-06,600519,1430.0,1435.13,1441.45,1429.99,38348,5505960415.0,0.81,1.06,15.05,0.31,-0.0011484,0.00790095,-0.08163435,36386.45,1.0539088,0.1560108,0.16392233,0.26312292,16.905,0.01177942,0.73696446,0.32209507,0.58610458,1429.844,1434.327,1444.6135,1457.25416667,-8.59145234,-6.97270082,-1.61875152,,1444.6135,1479.96673362,1409.26026638,33926.2,1.13033585,0.00588054,0.01413531,0.01059799,0.1062224,0.1560108
